message_id_new,user_id,task0,task1,task2,meta_fileURI,output0,output1,output2
0cbd3828-b120-4407-93cd-41dcf11b846e,33542238-0efb-49ab-8702-1cb3675faaa5,E,-,-,s3://beyond-reports-bucket-prod/33542238-0efb-49ab-8702-1cb3675faaa5/b3bad318-c93b-433a-b9c2-265ee80e4163.jpg,E,,-
0e54fae3-d51b-4ec7-acc9-7fde15913a78,e3f781db-f8a4-4f37-8340-9a3a6b52a63a,E,Valid,Other,s3://beyond-reports-bucket-prod/e3f781db-f8a4-4f37-8340-9a3a6b52a63a/35ff7740-05a2-48d6-8ee1-bf8c10efb0f6.jpg,E,"Sharma Tower Badli
Area 
New Delhi 10 042 (IN
Tradema
Tehsll
India
FLUZIN
Compo ition
Each uncoated tablet
Flunarizine Dihydrochi
10 mg
Usage: As directed
paysician.
Storage: Store protected
Right & moisture at a
temperature not exceed
Keep out of reach of
ren.
OND
Warning - To bei pregnancy &
Lactation.
Mfg. Lic No. : MNB/22311 05 & MB/22/1206
Knol
Marketed
aw Delhi- -110042
©-Registered Trademai
Mid KANTIL
Vill  Salnimaira.Te
","{{MEDICALLY_RELEVANT}}
Heading: Medicine or health product label

This appears to be the label for a medicine called ""FLUZIN"" containing the active ingredient Flunarizine Dihydrochloride 10 mg. The key information provided on the label includes:

- Composition: Each uncoated tablet contains Flunarizine Dihydrochloride 10 mg
- Usage: As directed by physician
- Storage: Store protected from light and moisture at a temperature not exceeding [temperature not specified]
- Keep out of reach of children
- Warning: To be used with caution during pregnancy and lactation
- Manufacturer License No.: MNB/22311 05 & MB/22/1206
- Marketed by: KANTIL  Vill  Salnimaira  Tehsil  New Delhi-110042  India

This appears to be the label for a prescription medicine  providing the key details about the product.
"
0feb9ab2-5d44-4e46-84ad-4ebe403f4c38,d2da96fd-e110-44f3-aaed-caae69f2a853,E,Valid,Other,s3://beyond-reports-bucket-prod/d2da96fd-e110-44f3-aaed-caae69f2a853/c2e0f3ea-f166-4186-8f2f-9543c908b9cb.jpg,E,"Mupirocin Ointment IP 2% w/w
10g
Mup
Ointment
Cipla
","{{PRESCRIPTION}}
Mupirocin Ointment IP 2% w/w
Quantity: 10g
Directions for use: Apply topically as directed by the healthcare provider.
"
13b2bdbb-58f2-440a-b895-8d0aef219ef2,0264b611-4f62-4dc2-a06f-15541920b812,E,Invalid,-,s3://beyond-reports-bucket-prod/0264b611-4f62-4dc2-a06f-15541920b812/dc73463e-e6d2-41a6-b442-38a3cd02acec.jpg,E,"Happy Doctor's Day
stacifs
HCTTH 3114d HTHH 
the
Hereful 311 HdGott at
Tch STOCK
34th # THICT 3THR at
ART 411541
215¹ Ticitc
","{{INVALID}}
"
24357a17-d914-4017-a8a0-8207ee6f5aba,3cd02578-e13d-47b8-8e7e-75c252e6f34f,E,Valid,Other,s3://beyond-reports-bucket-prod/3cd02578-e13d-47b8-8e7e-75c252e6f34f/d6b038f0-0fb5-46fb-a40b-08c6a3407991.jpg,E,"UMO PENPOL®
CE
OOD BAG CPD 450mL
1639
/ - Phonphoto December Solution IF Ent
Donation Unit No
- at (50mL turtor blood
1165-24
with OF -
ABO Blood Group
- .
0.327 g
Rh group
AB
-
2800g
pos
diydute F
0.251 g
Date of Collection
Date of Expiry
/
.
2.550
28/6/24
as
Collected and typed of
9/8/24
100
- - change . democratic M the tagen
Serology Non
Reactive to: 450-T
. - aring -
license CHEES
Syphilia
HBV
HCV
HIV 15 ll
-
Material parasite
Other tests
&
8
i
PHT.
THE PLUID PATH PYROGENC SINGLE Limited  *DO NOT WALL PACKAGE if DAMAGE . REAL INSTRUCTIONS FOR USE a CONTAINS PHTHALATES DEMP
Pulyarakonam  Thiruwananthapuram. india-695 573
TERUMO PENPOL Private
CONFORMS TO ISO 3824
No MFGMD/9919600170
TERUMO BCT EUROPE N.V. 41. 1936 Zaventeen BELOIUM
Mig Date
Label 1320045XJC
Exp Date
Code No
MAP Rs
19-04-2024
18-04-2026
(Incl. of all taxes)
PB-3AO456J8Y
550.00
YO
1TPOBB3270
(000)19D24Y4
2.2001
","{{MEDICALLY_RELEVANT}}
Heading: Blood Donation Unit

This appears to be a label or information related to a blood donation unit. The key details are:

- Blood Bag: CPD 450mL
- Donation Unit No: 1165-24
- ABO Blood Group: AB
- Rh group: Positive
- Date of Collection: 28/6/24
- Date of Expiry: 9/8/24
- Serology Tests: Non-Reactive for Syphilis  HBV  HCV  HIV
- Other Tests: Material parasite

The document also includes manufacturing and regulatory details about the blood bag  such as the manufacturer  CE marking  and conformity to ISO standards.
"
34eb060a-3b33-4b75-af2d-216c7d2723e5,215d02db-176e-4f5f-8e67-acf4513f6c4b,E,Valid,Other,s3://beyond-reports-bucket-prod/215d02db-176e-4f5f-8e67-acf4513f6c4b/05d93244-c803-43b2-a5e4-f864964c2635.jpg,E,"GROUND
0000000002
BS the Physicia
Made in-soliding
MICRO LABS LIMITED
To be sold by recardion cription of a
Mamring Rimithang Road
Namchi-7 23122 Sikkim
Medicare only
MICRO LABS
R
Regd Trade Mark
MD 0.25
is 9 300
Petro MD 0.25
is 9.24
Cionazooam Mouth Dissolving Tablets 0.25 mg
Petril-MD 0.25
uncoate ed dissolving
Store in a dry & dark place 
at a temperature not exceeding 30°C.
Directions for use Place the on
the tongled (No need 8 chees the tablet)
Yellow
AND Lic. No. M/600 2002
MU24F-0455/A
directed the Physician
Made in initial by:
MICRO LABS LIMITED
Maming Alimthang Road 
Namchi-727 392 Sikkim
INCHO LABS
Rego Trade Mark
Patri MDX0:25
is <<0
","{{MEDICALLY_RELEVANT}}
Heading: Prescription

Cionazooam Mouth Dissolving Tablets 0.25 mg
Directions for use: Place the tablet on the tongue (No need to chew the tablet)
Store in a dry & dark place  at a temperature not exceeding 30°C.

This appears to be a prescription for Cionazooam Mouth Dissolving Tablets 0.25 mg. The directions for use instruct the patient to place the tablet on the tongue without chewing it  and to store the medication in a dry and dark place at a temperature not exceeding 30°C.
"
39e86ee9-227d-4342-8340-fab1ba09b41e,22a433bd-5ded-4abb-9dd8-a4140e1a2546,E,Valid,Other,s3://beyond-reports-bucket-prod/22a433bd-5ded-4abb-9dd8-a4140e1a2546/fc9a8742-8440-4cbc-8526-123ac6824876.jpg,E,"Castine Yo be taken sevier medical supervision
- in WITHIN again a
Ingrediests Exth Tablet contains chooma of
Karchoon ama Rz. Musta Cyperus
retundus) Rz. Goduch (Tinospora carditolial St.
HERE Carama longe) Rz Daruharidra Berberis
animal St. Dhanyaka (Dortandrum sativum) Ft.
Cluvya (Pine chabal St. Gainpippal (Scindapsus
NIVE through reverse 2 9039
officinality Fr. Vacha (Acorus calamus) Rz
(Swenty chirata) P. Devadare (Dedrus
CHANDRAPRABHA
production Wt. Atvisha (Aconturn heternghylum)
(With Loha-Shilajatu
Tuberous R (Piper longum) Rt.
Chitraka (Plumbage zaylanica) RL Haritaki
Terminalic chatula) Ft P. Ribhitsan (Terminala
-
belerica) Ft P. Amalak (Emblica officinalia) Ft P
Vidanga Embrica ribes) Ft. Shunthi (Zingiber
officinair) Rz Maticha (Piper nigrum) Fr. Pippall
(Piper langum Ft. such 1 798 mg Invrut (ipomota
Turpethum R: Telak (Cinnamomum zrytanicum)
inner St (Sookshma) (Elettaria
For sale in India Scan OR code for medicine
tardamomuma Sd. Tvakpatra (Cinsamomum
monograph & approval status in your country
tamair u. vamsha (Bambusa bambos) 5. C Dam
(Baloapermum mortanum) Rt each 194 mg and
Ayurvedic Medicine
Sovarnamakshik phasma. Svarjoekshara
M.L.No.: AUS-510.
magnifa THIN
Sauvarchala lavaru  Yavakshara Saindhava
Vida lavana each 1 798 mo Shodhr Guggula
Net Quantity: 30 Tablets
4400 /9330
(Commither wight Ext. Shodhit Shiajatu each
Mid by: OM PHARMACEUTICALS LTD.
57 554 mg Lotta bnasma 14 388 mo Sturkara
12 Mile  Old Madras Rd.
Gokshuradi Guggul
26 777 mg Preservative Sodiumbertzoate
Indications Burning micturition Dysuria
Bengaluru-560049. INDIA
Habmaturia and presence of pus is urine
Office of Consumer Care Desk & Mktd.
Inflammatory condition of kidney (other that Bright's
disease). unrial  bladder & urethra  interes Male
SHREE EDHOOTAPAPESHWAB-LTO
indentility
135  Nanubhai Desal Rd. Khetwadi
THE
Desage Asugan tal Tablets twice or trice a day
Mumbai-400004
or as directed by the Physician Preferably consume
with Panarnavasav Chandanasav Ushirasey
Tel.: +91-22-23829874 (Mon to Fri
Ashokanshia ShortaSudiu lukewarm water
from 10 am to 5 pm  excepting holidays)
Storage Start in CDD dryplace
E-mail healthcare@sclindia.com
","{{MEDICALLY_RELEVANT}}
Heading: Ayurvedic Medicine

Chandraprabha is an Ayurvedic medicine that is to be taken under strict medical supervision. The ingredients include various herbs and minerals such as Karchoon  Goduch  Daruharidra  Dhanyaka  Cluvya  Gainpippal  Vacha  Devadare  Atvisha  Tuberous R  Chitraka  Haritaki  Ribhitsan  Amalak  Vidanga  Shunthi  Maticha  Pippali  Invrut  Telak  Tvakpatra  Vamsha  Baloapermum  Sovarnamakshik phasma  Sauvarchala lavaru  Yavakshara Saindhava Vida lavana  Shodhit Shiajatu  Lotta bnasma  Sturkara  and Gokshuradi Guggul.

The medicine is indicated for conditions like burning micturition  dysuria  hematuria  presence of pus in urine  and inflammatory conditions of the kidney  urinary bladder  and urethra.

The dosage is 2-3 tablets twice or thrice a day  preferably consumed with Panarnava Sav  Chandana Sav  Ushir Sav  or lukewarm water  as directed by the physician.

The medicine should be stored in a cool  dry place.
"
3c8899ad-9c31-4e16-abfd-278795ece699,7ecdb056-bb48-4596-b237-e8db647eecec,E,Valid,Other,s3://beyond-reports-bucket-prod/7ecdb056-bb48-4596-b237-e8db647eecec/49469f24-ce04-4f7e-a1bc-74105bdbdfda.jpg,E,"271-Patient came to pharmacy and taking Orlistat pt counseling?
A-Take vitamins before and after Orlistat
de
","{{PRESCRIPTION}}
Medication: Orlistat
Instructions:
1. Take vitamins before and after taking Orlistat.
"
404381b4-9e44-40a3-8e20-2d2b9793dc84,8702436a-a0ef-475e-a998-65f39829598d,E,Invalid,-,s3://beyond-reports-bucket-prod/8702436a-a0ef-475e-a998-65f39829598d/48c2417a-a843-4ed3-a7a1-4ac48b45bf56.jpg,E,"11
I
","{{INVALID}}
"
43da02a5-3777-4a30-b1e5-6a4fd2781aee,c40c21da-2462-446b-9784-dd88fa9d84da,E,Valid,Other,s3://beyond-reports-bucket-prod/c40c21da-2462-446b-9784-dd88fa9d84da/67a2fe20-4a75-4c7a-8289-91ff3aa1e43f.jpg,E,"excessing av
Protect from light and moisture.
Keep our of reach of children
Sarkhei Ahmedabed:382210. Gujarat  India.
200004855
Registered Thede Mark of
Renon Healthcare Private Limited
PX Memantime Hydrock ride and Domepezil
Hydrochlo ride Tables
LARENTINE D 10
manufactured by:
Stanford Laboratories Private Limited
sosition
AWHO-AMR & ISQ 9001 Certified Co.)
File Costed Tablet Conteris
Distt. Une
Myrochloride IF
HPJ-374316  India
Hydrochioride IP
Marketed by
new Health
Dange
acted
NAOKO
aday
orage
Storey
at
exceeding
30
Protect from fish find
Keep out of rear
Memantine
ride
onepezil
ets
Hydrochio
","{{MEDICALLY_RELEVANT}}
Heading: Medicine or health product label

Protect from light and moisture.
Keep out of reach of children.
Sarkhei Ahmedabed:382210. Gujarat  India.
200004855
Registered Trade Mark of
Renon Healthcare Private Limited

PX Memantine Hydrochloride and Donepezil Hydrochloride Tablets
LARENTINE D 10

Manufactured by:
Stanford Laboratories Private Limited
(WHO-GMP & ISO 9001 Certified Co.)

Each film coated tablet contains:
Memantine Hydrochloride IP
Donepezil Hydrochloride IP

Marketed by:
New Health

Dosage:
As directed by the physician.

Storage:
Store at a temperature not exceeding 30°C.
Protect from light and moisture.
Keep out of reach of children.
"
4e48453c-276e-49cf-89fc-ac9e72f1667f,3cd02578-e13d-47b8-8e7e-75c252e6f34f,E,Valid,Other,s3://beyond-reports-bucket-prod/3cd02578-e13d-47b8-8e7e-75c252e6f34f/a3f51552-1063-41f5-804c-441d3e33fd8e.jpg,E,"adidas 51 3 carteel
311541
-
Mfg Lic. No. KD-322
Manifectured in India by
1250mg
Healthy Life Pharma Pvt. Ltd.
Factory N-31/1  M.I.D.C. Tarapur 
Boisar 401 506 Dist: Paighar 
500mg
PMB Drug code 220
250 LU
OS
-
IF
are
tay the physician
The
temperature
(01)
Pharmaceuticals and Medical
devices Bureau of India (PMB)
<<<
20
of
reached
children
8th Floor  Block E-1
diamins
adidas
70
Calcium And Vitamin D3 Tablets IP
eus facildict st 3 cactor
311591
Mfg Lic. No.:KD
and
stated
Mandadured in india
Carborate IP
Healthy Life Pharms Pvt. Ltd.
Equivalent to
Factory N-31/1 MADE Tarapur
Emperial Calcum
Boisar - 401 506 
500mg
PM Dugcade 220
DOUP
2501A
Manufactured for
Q.S
","{{MEDICALLY_RELEVANT}}
Heading: Medicine or health product label

Calcium And Vitamin D3 Tablets IP
Mfg Lic. No. KD-322
Manufactured in India by
Healthy Life Pharma Pvt. Ltd.
Factory N-31/1  M.I.D.C. Tarapur 
Boisar 401 506 Dist: Palghar 
PMB Drug code 220
Equivalent to Emperial Calcium
500mg
250 LU
Pharmaceuticals and Medical
devices Bureau of India (PMB)
"
6447a59b-1594-4344-96ce-5225de2f0f56,f53c052d-cadd-4824-a254-4f3243ecf47b,E,Invalid,-,s3://beyond-reports-bucket-prod/f53c052d-cadd-4824-a254-4f3243ecf47b/cb71b88e-c4d9-48fa-8619-b6c21ee5b77b.jpg,E,"I walked 342 km (461 343 steps) in Jun  2024. That's
like completing 8 full Marathons!
","{{INVALID}}
"
6448a06e-d624-426b-ac75-d5628d87040b,89fb94f7-88ae-4e49-b2e5-00dd595a994e,E,Valid,Other,s3://beyond-reports-bucket-prod/89fb94f7-88ae-4e49-b2e5-00dd595a994e/e7459881-93a6-40ee-b76e-008c9eeb2ba1.jpg,E,"Berani Perkasa
Bersponsor
EROJAN
Tongkat Ali
Tribulus Terrestris
Meningkatkan kekuatan
Melancarkan
& daya tahan otot
sirkulasi darah
Maca
Cucusta Chinensis
Meningkatkan
Melindungi sel hati
tenaga
dari oksidasi
Butea Superba
Horny Goat Weed
Meningkatkan kekuatan
Menghilangkan kelelahan dan
dan kepadatan tulang
meningkatkan daya tahan tubuh
Semua bahan EROJAN alami ampuh
meningkatkan testosteron pria
PELAJARI SELENGKAPN 11/1
(T)
(is
#
DAN AMAN
DALAM
MENINGKATKAN
","{{MEDICALLY_RELEVANT}}
Heading: Medicine or health product label

The provided raw text appears to be a label or advertisement for a health product called ""EROJAN"" that contains the following natural ingredients:

- Tongkat Ali
- Tribulus Terrestris
- Maca
- Cucusta Chinensis
- Butea Superba
- Horny Goat Weed

The product claims to have the following benefits:

- Increasing strength and muscle endurance
- Improving blood circulation
- Protecting liver cells from oxidation
- Increasing bone strength and density
- Reducing fatigue and boosting overall body resistance
- Increasing male testosterone levels

The text also states that all the ingredients in EROJAN are natural and effective.
"
76805881-d8b1-4273-b807-10ff436d6d2a,13e7f455-d08d-44db-9592-3361c3454661,E,Invalid,-,s3://beyond-reports-bucket-prod/13e7f455-d08d-44db-9592-3361c3454661/386da272-bcab-4f89-b4c8-023c85f700f1.jpg,E,"ShareChat
@Devarajan. S
Star Health Devarajan
DOCTOR'S DAY
When there are Tears 
Doctors are a Shoulder
When there is Pain 
Doctors are a Medicine
When there is a Tragedy 
Doctors are a Hope
","{{INVALID}}

The provided raw text does not contain any medically relevant information. It appears to be a social media post or greeting related to Doctor's Day. This text does not fall under any of the specified response categories for lab reports  prescriptions  or other medically relevant documents.
"
7ba120dd-6e22-49d3-afd9-84f15fc5bc41,5e729191-88d1-4767-80a3-70961321d1bc,E,Invalid,-,s3://beyond-reports-bucket-prod/5e729191-88d1-4767-80a3-70961321d1bc/f9620214-9bdc-451e-af93-01b6c3721084.jpg,E,"01
e
33 GTH:
quigled
3114 AGA FORET
¹
ashok Pardeshi
","{{INVALID}}
"
7d959153-981b-44de-b733-dcf9e933168e,5e729191-88d1-4767-80a3-70961321d1bc,E,Invalid,-,s3://beyond-reports-bucket-prod/5e729191-88d1-4767-80a3-70961321d1bc/2651b967-7035-4f7d-9b3b-4004ab905cff.jpg,E,"e I e e e e
get HEAT To
Good Morning
ashok Pardeshi
","{{INVALID}}
"
818685c1-e353-49a8-baab-880962769502,33542238-0efb-49ab-8702-1cb3675faaa5,E,Invalid,-,s3://beyond-reports-bucket-prod/33542238-0efb-49ab-8702-1cb3675faaa5/7c615a47-cd83-4c8b-b76e-1e6657f7bf26.jpg,E,"C& Para
","{{INVALID}}
"
879788d2-5019-49db-992c-acf2122a3594,e2f8f9b6-e802-4cea-ab7c-32c43e53c6e1,E,Valid,Other,s3://beyond-reports-bucket-prod/e2f8f9b6-e802-4cea-ab7c-32c43e53c6e1/4baa2ac0-26c3-4c4d-8853-2ce3866255c6.jpg,E,"1528
PESPF0152B
B. No.: GTE0708A M.R.P.Rs.163.00
Mfg  Dt.:03/2023 (Incl. of all taxes)
Exp.Dt:0272025 per 15 Tablets
a
","{{MEDICALLY_RELEVANT}}
Heading: Medicine or health product label
This appears to be a label for a medical product or supplement. The key details are:
- Product code: PESPF0152B
- Batch number: GTE0708A
- M.R.P. (Maximum Retail Price): Rs.163.00 (inclusive of all taxes)
- Manufacturing date: 03/2023
- Expiry date: 02/2025
- Quantity: per 15 Tablets
"
87ec8d23-b4ee-47ce-a261-bd0b8c08fc3b,b6b7b0b4-726f-4b30-b3ee-077dbbbc0743,E,Invalid,-,s3://beyond-reports-bucket-prod/b6b7b0b4-726f-4b30-b3ee-077dbbbc0743/3f3297a5-0b21-4bb5-b8b9-f2045921d6e5.jpg,E,"R
Chamosakt
-
","{{INVALID}}
"
891363f6-2ade-412f-b524-45e558791959,3a9ad888-a9ee-4056-9de1-5d2a8bd10272,E,Valid,Other,s3://beyond-reports-bucket-prod/3a9ad888-a9ee-4056-9de1-5d2a8bd10272/3032eae6-e3c9-43ef-8218-60ba41355b4e.jpg,E,"Detinzine Hydrochloride
Tablet sald selaput 10 mg
SAMPHARINDO PERDANA
Semarang find onesta
Cetirizine Hydrochloride
Tablet salta telaput 10 mg
SAMPRARINDO PERDANA
Semarahol TM
","{{MEDICALLY_RELEVANT}}
Heading: Medication Labels

Detinzine Hydrochloride
Tablet sald selaput 10 mg
SAMPHARINDO PERDANA
Semarang find onesta

Cetirizine Hydrochloride
Tablet salta telaput 10 mg
SAMPRARINDO PERDANA
Semarahol TM
"
8c2b7406-277e-4088-8c2c-faf031fe70ff,7f7d7f4b-3ec8-4a45-8ab4-43a45a2d492e,E,-,-,s3://beyond-reports-bucket-prod/7f7d7f4b-3ec8-4a45-8ab4-43a45a2d492e/207d66b0-35c1-4716-bbe8-f04513fad44b.jpg,E,,-
98409d98-94ef-4e13-9e68-41e4ecc8f803,3c1f0514-eccd-409c-9708-a546ea4bef98,E,Valid,Other,s3://beyond-reports-bucket-prod/3c1f0514-eccd-409c-9708-a546ea4bef98/63962867-aa12-4872-9687-36738b60afbe.jpg,E,"Warning When pregnancy is detected  Telmisartan
Telmisartan and Amlodipine Tablets IP
should be discontinued as soon as possible as it
can cause injury and even death to the developing
faetus  when used during second and third trimesters
TELMIKIND ® - AM
of pregnancy
SCHEDULE H PRESCRIPTION DRUG-CAUTION
(II)
Not to be sold by retail without the prescription of
Each uncoated bilayered tablet
a Registered Medical Practitioner
contains
Telmisartan IP
40 mg
DMF
Keep out of reach of children 
Amiddipine Besilate IP
Mfg. Lic. No. : M/743/2016
abutvalent to Amiodipine
5 mg
GRADE
Excipients
g.s.
AP!
M
Colopr/Femo Oxide Red USP-NF
directed by the Physician
Mankindill
Storage Store protected from light and
Manufactured in India by
8904103309379
projecture. at a temperature not exceeding 30°C.
MANKING PHARMA LTD.
Omportant Moisture sensitive table)
Donod Block  Bermiok Elaka  Dist. Nanchi Sikkim 737126
Do not remove from strip until immediately
Office : 208  Okhla Industrial Estate-3 
New/Delhi-110 020
9-Registered Trade Mark
TELMIKIND - AM
U
TELMIKIND - AM
544
Tablets IP
When pregnancy is deleuted Telmisartan
discontinued as spon as possible as it
when-used during SECORD and third Irinesters
injury and evan death the developing
NIKIDA
AN
","{{MEDICALLY_RELEVANT}}
Heading: Warning
When pregnancy is detected  Telmisartan and Amlodipine Tablets IP should be discontinued as soon as possible as it can cause injury and even death to the developing fetus  when used during second and third trimesters of pregnancy.

{{MEDICALLY_RELEVANT}}
Heading: Product Information
TELMIKIND ® - AM
SCHEDULE H PRESCRIPTION DRUG-CAUTION
(II)
Not to be sold by retail without the prescription of a Registered Medical Practitioner
Each uncoated bilayered tablet contains:
Telmisartan IP 40 mg
Amlodipine Besilate IP equivalent to Amlodipine 5 mg
Excipients q.s.
Colour/Ferric Oxide Red USP-NF
Manufactured in India by
MANKIND PHARMA LTD.
Donod Block  Bermiok Elaka  Dist. Namchi Sikkim 737126
Office : 208  Okhla Industrial Estate-3  New Delhi-110 020
Mfg. Lic. No. : M/743/2016
TELMIKIND - AM
Tablets IP

{{MEDICALLY_RELEVANT}}
Heading: Storage and Handling
Store protected from light and moisture at a temperature not exceeding 30°C.
Do not remove from strip until immediately directed by the Physician.
Important: Moisture sensitive table.
Keep out of reach of children.
"
98bfb1b3-4a01-4da2-9c64-0438584231bb,084d3b25-c924-4d57-a76d-bee3b2c9c880,E,Invalid,-,s3://beyond-reports-bucket-prod/084d3b25-c924-4d57-a76d-bee3b2c9c880/82692d94-036c-4d78-9b09-e7bc118ffd8d.jpg,E,"JULY 1
I'm acing Japanese
lessons with
a
99
%
accuracy!
o
WORDS I LEARNED
N
duolingo
","{{INVALID}}
"
9d09d387-50d6-4112-9d5c-c7806cfa2efc,641572dd-5f2f-427a-9cf5-73f300814e02,E,-,-,s3://beyond-reports-bucket-prod/641572dd-5f2f-427a-9cf5-73f300814e02/ff44e9eb-b060-4ac6-bcb2-bad631a35fca.jpg,E,,-
a367c6f3-7c9e-405d-8615-0e758e8cd078,7d592387-6300-4ce8-875d-c02204897780,E,Valid,Other,s3://beyond-reports-bucket-prod/7d592387-6300-4ce8-875d-c02204897780/b4f8771e-ddf7-40bf-846a-afc9445159ae.jpg,E,"Run agr 6mg
","{{PRESCRIPTION}}
Medication: Run agr
Dosage: 6mg
"
abf26535-5563-444b-9bb3-183053c70fe6,16f97fe3-aa0b-4be8-ad51-81f26e25eb9c,E,Valid,Other,s3://beyond-reports-bucket-prod/16f97fe3-aa0b-4be8-ad51-81f26e25eb9c/e83e9272-e17a-4407-b2f8-e363a7c26e33.jpg,E,"A
Itraconazole Capsules BP
Itrostred-100
select- 100
1x 10 Vegetarian Capsules
Leeford
Itrostred-100
","{{MEDICALLY_RELEVANT}}
Heading: Medicine or health product label
Itraconazole Capsules BP
Itrostred-100
select- 100
1x 10 Vegetarian Capsules
Leeford
Itrostred-100
"
af49b796-7630-4f0b-811c-d0b1a3054f10,50abb87d-3540-4d91-ac68-9d4ebd8ef2c9,E,Invalid,-,s3://beyond-reports-bucket-prod/50abb87d-3540-4d91-ac68-9d4ebd8ef2c9/51ed5c73-cb7d-43e1-a826-a37df221b642.jpg,E,"Happy Doctor's Pay.
When God wanted to hold our
hand  he created the Doctors!
Happy Doctor's Day
San
","{{INVALID}}
"
bb445024-2ff3-4cd0-bc80-c99ed1a908ed,604bfa13-7cbf-4e6d-90df-0d0d379df393,E,Valid,Other,s3://beyond-reports-bucket-prod/604bfa13-7cbf-4e6d-90df-0d0d379df393/b98c1540-7ccf-4ee9-9784-71736b0b531a.jpg,E,"Diethylamine  Oleum Lini Methyl Salicylate
& Menthol Gel
(Delvin') Gel
relation
Pain  Swelling and inflammation
10gm
","{{MEDICALLY_RELEVANT}}
Heading: Pain  Swelling and inflammation
The raw text provided appears to be a description of a topical gel product containing the following ingredients:
- Diethylamine
- Oleum Lini (Linseed Oil)
- Methyl Salicylate
- Menthol
This gel is indicated for the relief of pain  swelling  and inflammation  and the provided quantity is 10gm.
"
bc1698c5-f014-4c92-a117-bfd4fc91e7d0,084d3b25-c924-4d57-a76d-bee3b2c9c880,E,Invalid,-,s3://beyond-reports-bucket-prod/084d3b25-c924-4d57-a76d-bee3b2c9c880/54aeea2d-d91d-4014-aadf-a67abc6c8d54.jpg,E,"JULY 1
I'm acing Japanese
lessons with
O
99%
accuracy!
WORDS I LEARNED
zl
to
SL
LL
LZ
N
90
L
L5
50
To
duolingo
","{{INVALID}}
"
bdc8c4df-9de1-47de-be23-0472d8416a65,4358edba-39bb-449b-888c-e3806923e042,E,Invalid,-,s3://beyond-reports-bucket-prod/4358edba-39bb-449b-888c-e3806923e042/84a74dc5-02f4-4602-9e30-514e6c51afaf.jpg,E,"HAPPY
N A T I O N A L
DOCTOR'S
DAY
Q.
Kota clinic
","{{INVALID}}
"
bf8d1547-76a9-44b1-b196-d78858360693,89fb94f7-88ae-4e49-b2e5-00dd595a994e,E,Valid,Other,s3://beyond-reports-bucket-prod/89fb94f7-88ae-4e49-b2e5-00dd595a994e/3af82091-43c5-486d-af28-4b380b7de77f.jpg,E,"Berani Perkasa
Bersponsor
EROJAN
Tongkat Ali
Tribulus Terrestris
Meningkatkan kekuatan
Melancarkan
& daya tahan otot
sirkulasi darah
Maca
Cucusta Chinensis
Meningkatkan
Melindungi sel hati
tenaga
dari oksidasi
Butea Superba
Horny Goat Weed
Meningkatkan kekuatan
Menghilangkan kelelahan dan
dan kepadatan tulang
meningkatkan daya tahan tubuh
Semua bahan EROJAN alami ampuh
meningkatkan testosteron pria
PELAJARI SELENGKAPN 11/1
(T)
(is
#
DAN AMAN
DALAM
MENINGKATKAN
","{{MEDICALLY_RELEVANT}}
Heading: Medicine or health product label

The provided raw text appears to be a label or description for a health product or supplement. It mentions various natural ingredients like Tongkat Ali  Tribulus Terrestris  Maca  Cucusta Chinensis  Butea Superba  and Horny Goat Weed  which are claimed to have benefits such as increasing strength  muscle endurance  blood circulation  liver protection  bone density  and testosterone levels. The text also mentions that the product is ""Berani Perkasa"" (Brave and Powerful) and is ""EROJAN"" branded. Overall  this appears to be a medically relevant text describing the composition and claimed benefits of a health supplement product.
"
c0924a05-6809-4e37-85c6-681786c1f6c3,e3f781db-f8a4-4f37-8340-9a3a6b52a63a,E,Valid,Other,s3://beyond-reports-bucket-prod/e3f781db-f8a4-4f37-8340-9a3a6b52a63a/4fe85c32-f9c5-4308-9919-96a17868a207.jpg,E,"Dosage : As directed by the Physician.
New Delhi 110042 (INDIA)
Store in a cool & dry place.
©-Registered Trademark
PF045
Protect from light & moisture.
Mfd. by VIP Pharmaceuticals (P) Ltd.
Keep all medicines out of the reach
of children.
Village Manpura  Tehsil Nalagarh 
Distt  Solan-174 101 (H.P.)INDIA
Rx
Amitriptyline Hydrochloride Tablets I IP
Tryptinol-10
Mfg. Lic. No.: MNB/07/569 & MB/07/570
Tablets
Composition :
Each film coated tablet contains
Knoll
Amitriptyline Hydrochloride 1.P. 10 mg.
Excipients
Marketed in India by :-
q.s.
KNOLLHEALTHCARE PVT. LTD.
Colour : Titanium Dioxide IP
Pharma Tower  Badli Industrial Area
osage : As directed by the Physician.
New Delhi 110 042 (INDIA)
Store in a cool & dry place.
©-Registered Trademark
PF045
Protect from light & moisture.
Mfd. by VIP Pharmaceuticals (P) Ltd
Keep all medicines out of the reach
Village Manpura Tehsil Nalagarh
of children
Distt  Solan-174.101 P.INDIA
","{{MEDICALLY_RELEVANT}}
Heading: Medicine or health product label

Amitriptyline Hydrochloride Tablets I IP
Tryptinol-10

Composition:
Each film coated tablet contains:
Amitriptyline Hydrochloride I.P. 10 mg
Excipients q.s.

Dosage: As directed by the Physician.

Manufacturer:
Mfd. by VIP Pharmaceuticals (P) Ltd.
Village Manpura  Tehsil Nalagarh 
Distt  Solan-174 101 (H.P.)  INDIA

Marketed in India by:
KNOLLHEALTHCARE PVT. LTD.
Pharma Tower  Badli Industrial Area
New Delhi 110 042 (INDIA)

Storage:
Store in a cool & dry place.
Protect from light & moisture.

Other instructions:
Keep all medicines out of the reach of children.

Colour: Titanium Dioxide IP

Mfg. Lic. No.: MNB/07/569 & MB/07/570

©-Registered Trademark
PF045
"
c41461a2-dc48-44bb-bcda-a694d0a42d63,0f00d680-2506-4e90-9833-eba084762dfd,E,Invalid,-,s3://beyond-reports-bucket-prod/0f00d680-2506-4e90-9833-eba084762dfd/d617455c-b352-4a64-aacf-06cf2ff74d6b.jpg,E,"99:80
000d
Tablets
10085.
Tablets
","{{INVALID}}
"
c802986f-37ad-4ca5-8d14-fb059bff3058,3c1f0514-eccd-409c-9708-a546ea4bef98,E,Invalid,-,s3://beyond-reports-bucket-prod/3c1f0514-eccd-409c-9708-a546ea4bef98/1d369d51-27ee-4eaf-b3da-c56d9569044f.jpg,E,"and
3016569
06/22
mg
mg
","{{INVALID}}
"
c9d5f05a-75fa-4d61-a1f3-4f2b054f28ca,b08e57d8-6a18-48ad-8826-01a5e35b81f7,E,Invalid,-,s3://beyond-reports-bucket-prod/b08e57d8-6a18-48ad-8826-01a5e35b81f7/b69cab3d-c81d-40df-98b2-94bf58169354.jpg,E,"HAPPY
DOCTOR'S DAY
MY DEAR DOCTOR
""Your care and expertise are
truly appreciated. and we are
grateful for all you do.""
","{{INVALID}}
"
ceac6023-005f-4ba1-a167-ad8601c79213,c185ace3-8317-4e51-a31d-96523fb7f58f,E,-,-,s3://beyond-reports-bucket-prod/c185ace3-8317-4e51-a31d-96523fb7f58f/855dc8cd-2ee7-4238-a5ba-e853a7a33113.jpg,E,,-
d9bf5a08-a61d-4f44-9d46-30a0190f9855,d915c88d-ebea-4b9e-b66f-1500deb444d1,E,Invalid,-,s3://beyond-reports-bucket-prod/d915c88d-ebea-4b9e-b66f-1500deb444d1/f5b1e85c-5b40-4b40-a910-d5a781a894ea.jpg,E,"ShareChat
@Raju
Goodmorning
","{{INVALID}}
"
dba79b3b-2e9f-4968-99f0-49cb46f373e3,7f7d7f4b-3ec8-4a45-8ab4-43a45a2d492e,E,Invalid,-,s3://beyond-reports-bucket-prod/7f7d7f4b-3ec8-4a45-8ab4-43a45a2d492e/69597f9f-2191-48ef-9246-955017355ad4.jpg,E,"There is no
greater
wealth in
this world
than
Peace of
Mind.
Have a Good Day
","{{INVALID}}
"
ee079097-adeb-4f42-9a52-4c2e4f4f2774,c185ace3-8317-4e51-a31d-96523fb7f58f,E,-,-,s3://beyond-reports-bucket-prod/c185ace3-8317-4e51-a31d-96523fb7f58f/1f17dc69-60c1-41c0-a8c6-fcc93b8b025b.jpg,E,,-
