message_id_new,user_id,output,task0,task1,task2
0173a438-7827-4991-a87f-ad4f0e5dc85a,512523da-ccea-4afe-832c-d52dac83706f,,Food,-,-
01baec39-ab2e-4120-9204-e74fc740fac0,58dd1a6e-af55-4710-a898-764e339e7ea0,,Other,Invalid,-
0233553d-88fc-4d9c-8502-6f16c342db20,a896d26e-9d53-403c-8611-512d57324ce4,,Other,Invalid,-
02fb14be-5891-4d01-9d9c-7c73fd0788a9,00d95581-9682-489d-825e-ca3e81001da0,,Other,Valid,Other
0317d54c-0ed9-4613-abd0-5ef996d41a27,5b38f4b8-b4dd-4b2c-94a5-0f34ed1f42b0,,Other,Valid,Blood & Urine
032c91f2-4c69-472a-8518-c9fe6a95269e,d726b440-2cb3-488d-a7ed-47cf1ad10cb9,,Other,Valid,Other
0391da47-abf6-4d90-9f75-3852b7ec56ed,97febd47-366a-49b6-bd33-b99d13878d7b,,Other,Valid,Other
03b7a963-3e3b-40bc-98d6-d7e360ce3b84,e2f8f9b6-e802-4cea-ab7c-32c43e53c6e1,,Other,-,-
03d2f9cb-cf80-429d-b486-5a2b45b23a24,b41df6ff-e847-48df-ae0e-10c6afd8102d,,Other,Valid,Other
03faa151-eaf4-4140-86d6-de3f2d51440c,52d46371-82b4-4a6d-ade6-74330abefdf9,,Other,Valid,Other
040853b7-202b-4ef7-b11c-9da95a411a30,9ddb8fac-959e-4b9e-bcca-e0b077fd0129,,Other,Valid,Other
0487d73f-ca04-42a2-8e9d-f92ada5eba6f,6e606ec9-399c-494b-aebe-0083d689f927,,Other,Valid,Other
074e1510-087f-4fc5-92ba-1860c7c7fc86,8be08399-668c-43a9-acf8-7534364065d8,,Other,Valid,Blood & Urine
08726fda-ba62-487a-b6f9-1e7fb4a5ccf5,26d4a7f8-2b08-42ac-a415-2931ef590205,,Other,Invalid,-
08dab56b-febc-4df2-8ec4-353ab451ed6e,6707207c-9084-4646-bd67-345700ff58e5,,Other,Valid,Other
090c262f-03a6-46ff-9b14-cd56a00aefa2,bf8ba49a-bd62-4828-8c69-ee26bd03c78e,,Other,Valid,Blood & Urine
09f427fe-c8df-49bf-9e78-ba770bc49d7f,22a433bd-5ded-4abb-9dd8-a4140e1a2546,,Other,Valid,Other
0a5fb93d-4372-4620-9556-635900a46049,40c05052-c7a5-4f5b-a8be-cdabc2eb3ed6,,Other,Valid,Other
0be2a2a5-38c2-4907-9e1d-5593e607b9a6,70975619-b960-4dab-b275-32f2cb7e8f9b,,Other,Valid,Blood & Urine
0cbd3828-b120-4407-93cd-41dcf11b846e,33542238-0efb-49ab-8702-1cb3675faaa5,,Other,-,-
0d2630a1-8585-460d-85b7-032b40f97f4b,49f5e6f1-c4b6-4da8-b79e-e8977afd6a6d,,Body Part,-,-
0e46dc9b-ab76-4d4a-8c99-fb8cb2d86c94,8eed37e7-c2cc-4a9c-94a2-e06b8c88b1d7,,-,-,-
0e54fae3-d51b-4ec7-acc9-7fde15913a78,e3f781db-f8a4-4f37-8340-9a3a6b52a63a,,Other,Valid,Other
0ec5d8f2-6d55-4c78-bf93-e81e148fa2f9,f15dac15-c319-48e9-b9bc-d6f3f0bd07ec,,Body Part,-,-
0fdcf836-8193-46e7-b35c-b4cae3f83c29,6e606ec9-399c-494b-aebe-0083d689f927,,Other,Valid,Other
0feb9ab2-5d44-4e46-84ad-4ebe403f4c38,d2da96fd-e110-44f3-aaed-caae69f2a853,,Other,Valid,Other
1011fb06-39e1-4ac2-8554-c444f3b59e0e,3089f916-05d7-4c69-8c99-2c7d000ab335,,Other,Valid,Blood & Urine
10a1d229-38c6-4cda-a782-3284cad2ea7f,5aab4594-0aa9-4809-8c4b-adf4f17080e1,,Other,Valid,Blood & Urine
10f62d95-12c8-40a9-b566-f06a23d19288,468334ab-6244-40db-ae39-74e93350020f,,Other,Invalid,-
11369103-03e5-4256-a73a-5ebb7476bb85,44ec9f71-2f21-4256-b3f3-07ad9747b1c3,,Other,Valid,Blood & Urine
12dc8913-9776-4c69-aa88-86485647c52a,7ecdb056-bb48-4596-b237-e8db647eecec,,Other,Valid,Other
131b59c7-8806-4ca1-a79d-b0b518723215,f63950a6-47f6-41fb-b050-605f8ab2052d,,Other,Valid,Other
137727c2-bace-487c-90ca-9a7e99f67649,a37b18b3-2b9a-4251-ab19-abe0b4134fc2,,Other,Valid,Other
13b2bdbb-58f2-440a-b895-8d0aef219ef2,0264b611-4f62-4dc2-a06f-15541920b812,,Other,Invalid,-
13c27a14-2c75-4aa0-8376-52fb22d81698,a896d26e-9d53-403c-8611-512d57324ce4,,Other,Valid,Other
15632eab-d5dd-442d-8b22-1552f9b2c0d0,bbb60950-3011-4632-b99a-a0dcac5912ef,,Other,Valid,Other
15a4a362-1092-4039-8863-f45305ec50ec,bcc96dcf-8e54-4dcf-9406-fcfb928a2c4e,,Other,Invalid,-
1671d129-614f-4081-8fd7-177cf6663257,44ec9f71-2f21-4256-b3f3-07ad9747b1c3,,Other,Valid,Other
1907d6b4-c9a6-41b2-82a4-1a4007c599c1,008e7884-df0e-4726-b4c9-a1bdb99290c2,,Other,Valid,Other
1957a691-b786-49c7-ac12-55cfdf2548df,e9023e25-b672-4280-a704-63d3eefc1115,,Other,Valid,Other
1991abe7-bd4b-4bf7-8e35-dcdf0b5c68fd,44ec9f71-2f21-4256-b3f3-07ad9747b1c3,,Other,Valid,Blood & Urine
1a1cbe5d-3b74-400c-a401-4df4e10ef108,49028068-73b5-4190-9cb1-8a16c1db82dc,,Other,Valid,Blood & Urine
1cc9dea1-ad8e-4fa3-ba92-7ae83cc85b54,49028068-73b5-4190-9cb1-8a16c1db82dc,,Other,Valid,Other
1d108e5a-9f3a-4227-8ffa-12509d74de24,1f014210-6d49-44b9-8d57-90a2d6f1261d,,Other,Valid,Other
1d40dbf5-f538-4aec-bb72-ff62da0d34ff,00cb2136-b99b-45de-a365-d0ba4044713f,,Other,Valid,Other
1db3cfcc-bd27-49fb-a07b-fe5634685377,002a27ef-ff0a-4f6a-a131-4d3e273c57eb,,Other,Valid,Other
1e1fe9ce-15b5-4d4a-bdb3-e59e07b86c96,f66c2706-18b3-40b4-b957-b8424e5fedf9,,Other,Valid,Other
1e3dbd42-56f6-4282-9e6c-0a3c27341f20,96c5e8f2-fa09-4103-8330-132dbd0332d1,,Other,Valid,Other
1eca00c4-c042-49f2-9573-2ec3e831c4f0,f66c2706-18b3-40b4-b957-b8424e5fedf9,,Other,Valid,Other
1ed183ea-a182-447d-b588-f0b0227e8aaa,3c23434d-62d9-4b0c-b6f5-1d1b3202e4c4,,Other,Invalid,-
1ef52784-34e1-43ba-b795-244a203e888c,872a5760-66be-4790-b370-50f6869d886d,,Other,Valid,Other
202483d8-c059-41c6-9be0-724061519b52,b41df6ff-e847-48df-ae0e-10c6afd8102d,,Other,Valid,Other
20ad644f-b9bb-4fb8-bf3c-4c8f8baf76a5,fbfaa04f-f226-41ac-ad29-948bd9937b17,,Other,Valid,Other
20b63947-48a6-4700-a7b8-119df9b4b0c2,8e961d81-a675-4419-b1c5-ebb9c300d610,,Other,Valid,Other
2108e8b4-a9f8-4efc-96cd-a41b7af3315e,e2f8f9b6-e802-4cea-ab7c-32c43e53c6e1,,Other,Valid,Other
21832a1f-5653-40b4-b4da-10a01b7313d5,40c05052-c7a5-4f5b-a8be-cdabc2eb3ed6,,Other,Valid,Blood & Urine
22c6dee6-9616-40a9-806d-d42cbca42a3a,11f0b6c6-5fb0-4353-bb18-a7667b318cbd,,Other,Valid,Other
24357a17-d914-4017-a8a0-8207ee6f5aba,3cd02578-e13d-47b8-8e7e-75c252e6f34f,,Other,Valid,Other
24ab5a0c-aeb1-4959-b2f7-0016c3abd8b6,b41df6ff-e847-48df-ae0e-10c6afd8102d,,Other,Valid,Other
24bb78d8-416b-408c-ae86-0d034c9361bf,6ca9c4dd-377b-4c36-b9f9-77f9073b4971,,Other,Valid,Other
2589f7b5-b562-48d5-8e77-81e5218014e4,5d874f8f-fb6a-4ed7-97db-f9e8d49436db,,Other,Valid,Other
26425857-20a4-4762-9510-294922d0565d,a294c9a0-914d-4f70-b74f-a6772ba3ce8b,,Other,Valid,Other
266a0ee4-9baa-4dd9-8d23-26b63ddeaa04,2141ac9f-a035-4b8a-8b71-eb897dd7f1fc,,Other,Valid,Blood & Urine
27dd14b6-2cfe-4738-8c05-fad238a0c9ef,f66c2706-18b3-40b4-b957-b8424e5fedf9,,Other,Valid,Other
2823c437-5cc8-4a42-8291-c6b9649f3cbc,4760fa9f-f44b-410c-a72d-bab983aabfec,,Other,Valid,Other
2873b44a-2f21-43c0-8582-bc2c44da6f49,3cb2d6b0-214c-47e9-90f4-fe78195a07b8,,Body Part,-,-
287cfef1-25d4-4007-b13f-853a09f5502e,3c1f0514-eccd-409c-9708-a546ea4bef98,,Other,Valid,Other
2978ba9d-0792-4fe6-a94a-404e168b3b4c,c721ad37-00d0-4aff-9326-8765bcb48b40,,Other,Valid,Other
2a13dfe0-f664-4a56-8edf-a5f8655486ad,ef79f835-1f66-4bb1-ac07-56ecb420936e,,Body Part,Invalid,-
2a2dea8d-5b25-47f8-a2dd-4d79bf676e65,225a4955-6599-4578-b3cd-500824ec4962,,Body Part,-,-
2cdb7ffb-0fa0-4d77-91f5-e398e44eeb30,7c32611b-5e21-4c00-a896-1aae333c233c,,Other,Valid,Other
2d9ce9cb-646a-497c-9eb1-012dbc55d057,238339b2-5c1a-4f57-a6ca-7f4de551646d,,Other,-,-
2e64e144-726c-4c50-8b5a-2ed9fefe55b6,e3f781db-f8a4-4f37-8340-9a3a6b52a63a,,Other,Valid,Other
2e794e37-3a30-4b97-a731-ac85f4a6dfe5,c9bfd702-919b-4532-977d-1d8dc23dc3c8,,Other,Valid,Other
2ed7adac-acc3-4cef-94fb-ab9235d667c2,087714b6-d0f4-4b4e-a1ed-26be1f515600,,Other,Valid,Other
2ee6f05b-4903-48ec-adcb-b8a7ae07ac96,735aced6-5fe9-4ae6-8191-38de3f494184,,Other,Valid,Blood & Urine
301068ab-838f-48cc-b1e8-067b627ed8de,8c195eca-18cf-401d-9cf8-3926531529ea,,Other,Valid,Other
3082c7c5-0a25-4178-b80e-e84c80a6cf78,07f1be98-7d9b-4f78-98e7-6c27a49e43c8,,Other,Valid,Other
30a8315d-af1f-47a0-811b-a98e727f9118,557df398-9658-4c5c-a1e2-5e3a6a1f9b11,,Other,Invalid,-
33e8ac6a-e80e-4bc1-914f-f6f522f5ec6a,86409188-a224-49f6-a207-2f69fc8ab409,,Other,Valid,Other
34eb060a-3b33-4b75-af2d-216c7d2723e5,215d02db-176e-4f5f-8e67-acf4513f6c4b,,Other,Valid,Other
36198deb-2d16-448b-9012-206964416089,49028068-73b5-4190-9cb1-8a16c1db82dc,,Other,Valid,Blood & Urine
36669162-80da-4b24-a15e-30c61d16295f,1eb65cae-596c-461b-bbbe-ab0ee015e23d,,Other,Valid,Blood & Urine
381cb2f7-4baa-42ce-a217-1b264920b3ea,28954e3c-2f07-4883-814d-13883e994dfe,,Other,Valid,Other
39837936-da79-44a4-a478-3e8ae5e95c88,d2da96fd-e110-44f3-aaed-caae69f2a853,,-,-,-
39e86ee9-227d-4342-8340-fab1ba09b41e,22a433bd-5ded-4abb-9dd8-a4140e1a2546,,Other,Valid,Other
3a3375a5-2877-4430-8bc9-7641d35b303d,44ec9f71-2f21-4256-b3f3-07ad9747b1c3,,Other,Valid,Blood & Urine
3aa27526-f858-4e8f-bf2f-9ea256206afd,8000cd0d-f385-4085-b1d5-5492771205ae,,Other,Valid,Other
3b0372cc-1d12-4bf9-a35c-cea146d7e621,3c1f0514-eccd-409c-9708-a546ea4bef98,,-,-,-
3b05af3c-9d05-4b9a-ae17-32c306758174,492563a2-e8e1-4e42-a291-a044634c9961,,Other,Valid,Other
3b090724-70bc-4f27-a521-c6f016ee3ffd,c40c21da-2462-446b-9784-dd88fa9d84da,,Other,Valid,Other
3b12e646-a616-4075-b12c-fd6b0048c7a5,83ddddd0-2ae9-474f-b95b-e0bcb372fc69,,Other,Valid,Other
3b645b2a-fdd0-4d7b-a174-220c63cbe152,2f9991a7-e2d3-44ec-acda-4eff2db42fbc,,Body Part,-,-
3c5524fe-d988-49a1-8a6f-d583c2d9fa10,7d267b5f-c284-40eb-b9af-0548adac02da,,-,-,-
3c8899ad-9c31-4e16-abfd-278795ece699,7ecdb056-bb48-4596-b237-e8db647eecec,,Other,Valid,Other
3c945dc0-a2ab-492d-b597-f8f7421c31c4,4e4f9f21-00b0-4f81-986a-971603a9dd35,,-,-,-
3f534029-b59f-4cc3-904e-6896c72b99de,1eb65cae-596c-461b-bbbe-ab0ee015e23d,,Other,Valid,Blood & Urine
3f822bb9-2294-44f0-938b-14ae143075cb,c5a749b2-676e-49f5-97ea-4056bdcf64f3,,Body Part,-,-
4015c795-8b65-4200-b6c0-9e33f1b96c68,7f356237-e9ec-4a2d-961c-038629073b49,,Body Part,-,-
404381b4-9e44-40a3-8e20-2d2b9793dc84,8702436a-a0ef-475e-a998-65f39829598d,,Other,Invalid,-
406a15cd-655a-4102-8014-71d918dfc7b9,ded0c285-96ca-404d-a1a7-1d057a27411e,,Other,Valid,Other
4088bbf8-6433-476d-bc17-b24b25fb0d78,1bd2e1f4-bb6e-4b60-b9af-acb573d3e5f9,,Other,Valid,Other
42d40d2b-2bd1-4f9a-a40a-795e82d37701,00d95581-9682-489d-825e-ca3e81001da0,,Other,Valid,Other
435aec03-efd7-4def-b3bb-d8c35f96697d,25c777e0-a5a1-4a61-a0d7-dff5e3f5681c,,Other,Valid,Other
43b46ea0-9508-4ae9-acac-c2634027cd4d,879086bc-89c3-4603-a59a-03d287d42fe7,,Other,Valid,Blood & Urine
43da02a5-3777-4a30-b1e5-6a4fd2781aee,c40c21da-2462-446b-9784-dd88fa9d84da,,Other,Valid,Other
463ceaa9-3741-4ed4-bd4c-3b4e2a6eca87,371b8192-fa94-420e-acbb-d4d1ecda6741,,-,-,-
471ebae1-443a-476d-997a-81a348fd3d05,b41df6ff-e847-48df-ae0e-10c6afd8102d,,Other,Valid,Other
47794e9b-60e3-4f94-ac32-0301e39861e2,0270cf5d-eadd-4360-805b-2a6e397b5463,,Other,Invalid,-
4799c4b4-0812-4ff8-ba1f-d422796e70cb,8be08399-668c-43a9-acf8-7534364065d8,,Other,Valid,Other
47f6b180-c017-4e9a-a378-03ac922e96f5,a37b18b3-2b9a-4251-ab19-abe0b4134fc2,,Other,Valid,Other
483c9a9f-fced-4312-951f-bb3ff5b6c360,49028068-73b5-4190-9cb1-8a16c1db82dc,,Other,Valid,Blood & Urine
4aab74b1-1fc0-4a02-bd26-15662e8f8405,df2179ce-f144-4683-ac70-b1791eae5b1b,,Other,Valid,Blood & Urine
4b56dd40-9a7e-4c4d-8862-1eda5f952ae1,a78d1ac6-817d-46bc-9c64-4b88655eaf06,,Other,Valid,Other
4b6c75e9-bfce-442c-bc93-e1f5b682e269,1eb65cae-596c-461b-bbbe-ab0ee015e23d,,Other,Valid,Other
4b96c90b-1fe0-4a9f-87b0-7034a1c31d75,78a8aa21-11b8-4d9f-a2d8-9bcb951f003a,,Other,Valid,Other
4beb1c88-f454-4f7b-a7aa-b8b1fde9e371,9be43fb4-62b1-4ccf-aa3a-f91369ba22ee,,Body Part,-,-
4d1b9306-05af-4d60-b716-a0231a47b0ef,ebbd2ac8-ce65-4e42-905d-5f2011ed0124,,Other,Valid,Other
4db50539-3541-471e-967b-2e8a578e5d82,b41df6ff-e847-48df-ae0e-10c6afd8102d,,Other,Valid,Other
4de0fb9c-5367-43e7-9c32-856a631cfb74,835876e7-8b6c-4357-969c-bd145fa4a9a0,,Other,Invalid,-
4e48453c-276e-49cf-89fc-ac9e72f1667f,3cd02578-e13d-47b8-8e7e-75c252e6f34f,,Other,Valid,Other
4f1b8318-a437-44a7-9602-7c83fcde2064,4e6b81cf-4316-4c2c-9647-16be2ee4cbd1,,Body Part,-,-
4f7fcfcc-6cd2-432b-9223-cde72e34981b,9e358699-7786-4b7e-a251-75c0c85f664d,,Other,Valid,Other
4fe8eeb5-de71-41d0-be9d-994f0c2d4f5a,9343eb07-5c2b-431d-811e-dbd0e34a713a,,Other,Valid,Other
50b18dc1-86d3-47d7-8889-e6f708582a1c,40c05052-c7a5-4f5b-a8be-cdabc2eb3ed6,,Other,Valid,Blood & Urine
513803f2-fad4-4ce1-b305-d5a4e6b41df5,4547f705-8f01-4a1e-a5af-6a0a08adf59e,,Other,Valid,Blood & Urine
518b299c-ecfb-49e9-99ee-7d8a90d36222,62514106-c63f-4cfb-87e2-8d2656734326,,Other,Valid,Other
52dfdb1d-7f0f-417c-b2cb-dd0ca0722b35,6bb2f156-91f8-4691-bb04-e9bd62895f45,,Other,-,-
535db988-0a62-446a-8115-16e30eed126b,f488aa49-b836-4fc8-a5fe-e1d4f6d65736,,Body Part,-,-
53c81a38-90a3-4f72-aa87-e5ad6fc30f51,37d8470d-84b9-4c25-95c0-5bea756eaed0,,Other,Valid,Other
555e2946-de1d-4d5b-aea0-0aee22274776,3cd02578-e13d-47b8-8e7e-75c252e6f34f,,Other,Valid,Blood & Urine
557a7724-27fb-4532-9cfa-f5dcb9d7bd42,83ddddd0-2ae9-474f-b95b-e0bcb372fc69,,Other,Valid,Other
55a1e712-1725-41aa-9f5a-a01376786350,925695d1-2914-4d31-9762-e16534b31daa,,Other,Valid,Other
55f52d21-25b9-4135-92d5-702a7847d5e8,a37b18b3-2b9a-4251-ab19-abe0b4134fc2,,Other,Valid,Other
562e5ba0-36cd-468d-8e71-bc8b0eb8e39f,3efd9a24-eacf-45de-8904-87b97019c87c,,Other,Valid,Other
56cb88d9-9013-4518-90aa-363860dfa278,e3f781db-f8a4-4f37-8340-9a3a6b52a63a,,Other,Valid,Other
5703c0f0-fc8c-46d3-9301-8ca56a4f831c,371b8192-fa94-420e-acbb-d4d1ecda6741,,Body Part,-,-
575471ee-a481-4f22-bee3-407792f3b3eb,557df398-9658-4c5c-a1e2-5e3a6a1f9b11,,Other,Valid,Other
57fd88bb-11ac-4ece-930b-beea72d29c2f,28954e3c-2f07-4883-814d-13883e994dfe,,-,-,-
581f0c7f-a3be-4aaa-b8c8-2ae1822b1720,d59088dd-e345-4a22-a98a-2b582380807e,,Other,Valid,Other
59cc75a9-ffe1-4b9e-8ae2-1306a76f9343,385e3776-958b-4f4b-bdd4-2c0e970c509c,,Body Part,-,-
5a37852a-ace7-4ec8-9729-719aa1e1ac6b,edc0af15-1621-436c-b7ed-8143027157e9,,Other,Valid,Other
5aee9df0-0cd6-48ee-8ba6-4cf0eec3a858,00cb2136-b99b-45de-a365-d0ba4044713f,,Other,Invalid,-
5bfe1069-5ee3-4bfa-a5b7-73657a8ccb20,dbb90519-2c2d-4220-aa1a-2b01045cd7ce,,Other,Valid,Other
5cc45d2d-e08f-443d-8f88-95ce748177d7,6e606ec9-399c-494b-aebe-0083d689f927,,Other,Valid,Other
5d899eb4-9e40-4956-b6b5-821ed26ddbd5,b78b50a8-f11d-4964-81f8-0ae58d7a40b9,,Body Part,-,-
5ead4728-694b-4364-8dde-e41b44a1e0cd,6bb2f156-91f8-4691-bb04-e9bd62895f45,,Other,Valid,Other
5f9fc97e-c5cc-4028-be07-1ad08fe3f31a,269c95e0-cce7-4cfb-a4f1-f2be9b8fb756,,Other,Invalid,-
5fc3defa-0789-485b-8190-38999919f5d6,bc4fa748-d916-4985-958a-d6d9874edc04,,Other,-,-
5fe89399-aefd-4bbb-9527-6771ef0e6f26,52f32168-bf72-40ed-a111-f81658b9725c,,Other,Valid,Other
6065d397-ad05-4b10-b275-fa82dedbbe4e,6ca9c4dd-377b-4c36-b9f9-77f9073b4971,,Other,Valid,Other
6254e809-1a71-4803-966a-284f24274178,de4470b9-4fe2-4a56-b412-42666f4d524f,,Other,Valid,Other
6447a59b-1594-4344-96ce-5225de2f0f56,f53c052d-cadd-4824-a254-4f3243ecf47b,,Other,Invalid,-
6448a06e-d624-426b-ac75-d5628d87040b,89fb94f7-88ae-4e49-b2e5-00dd595a994e,,Other,Valid,Other
64d9eb29-0329-4844-afa1-cb40495f6b53,89fb94f7-88ae-4e49-b2e5-00dd595a994e,,Other,Invalid,-
650e3739-14ef-447b-abd6-a2d7619bde4f,a37b18b3-2b9a-4251-ab19-abe0b4134fc2,,Other,Valid,Other
654b4d0e-64bc-48c6-8102-b286d0b7c02c,6b546c1b-7132-4f14-b793-061a8d925d37,,Other,Valid,Blood & Urine
66ae9233-5f36-412b-9362-74a5a03dd4d3,44ec9f71-2f21-4256-b3f3-07ad9747b1c3,,Other,Valid,Blood & Urine
66c41ca0-2a11-480f-b150-264e1b1a6637,37de9216-146b-408a-9b86-379c883f4cd6,,Other,Valid,Blood & Urine
6906edec-640f-437c-8633-4377f3da9216,9ddb8fac-959e-4b9e-bcca-e0b077fd0129,,Other,Valid,Other
691e67d4-fdc6-4938-ac7a-9b60fcb60ec5,49028068-73b5-4190-9cb1-8a16c1db82dc,,Other,Valid,Blood & Urine
6a91d7ea-2a89-47cc-9ef8-c4d03abdce2a,40c05052-c7a5-4f5b-a8be-cdabc2eb3ed6,,Other,Valid,Blood & Urine
6b4db9ae-fa7c-437e-b626-3dade3d2b0a4,2f2102b6-505f-42ca-bec9-b2e0a89e6da5,,Other,Invalid,-
6c00cf6e-6b36-4021-80e9-1bf201b51f2f,6e606ec9-399c-494b-aebe-0083d689f927,,Other,Valid,Other
6c7a1229-e503-4086-b80f-5406f91fdfa8,4d00137a-d9c0-4688-9768-276482896931,,Other,Valid,Other
6c9aca21-19c1-48e2-a7c7-a9dec7512cd2,53adfed9-5ea4-4046-9b29-04a8e9366a45,,Other,Valid,Other
6d7b76a1-0742-452b-b27b-009823df9439,6bb2f156-91f8-4691-bb04-e9bd62895f45,,-,-,-
6f491da1-690c-4d91-b664-916f7c5830d6,a6b2adff-4ed8-4617-a8a2-14c5f2e03ecb,,-,-,-
6f4ffeda-6670-4940-9b3b-866bb6355a17,ef79f835-1f66-4bb1-ac07-56ecb420936e,,Body Part,-,-
6fad7a97-b3e8-43f2-8e1b-c9a038949413,3a1c7f21-1b92-4fa4-a488-99add070b3fd,,Other,Valid,Other
7021bfa3-fe89-480f-bd39-d5ff254aac8a,1561aebe-997f-4994-90fc-32f7ac1963f2,,Other,Valid,Other
7100ad30-79b9-4ff0-8430-dcfa99b39729,385e3776-958b-4f4b-bdd4-2c0e970c509c,,Body Part,-,-
7178dadc-bc70-453e-b413-7efef2b29691,5fd21d30-5e08-4cf9-b037-cb3ace0cae96,,Other,Valid,Other
71894b96-9225-46d0-847f-d00df0caf906,bf8ba49a-bd62-4828-8c69-ee26bd03c78e,,Other,Valid,Other
718c6ca1-7c38-4044-bf82-8322048b5265,9343eb07-5c2b-431d-811e-dbd0e34a713a,,Other,Valid,Other
718e24be-dc8d-4720-84c3-64e55034a1af,552cb04e-0854-4637-8745-01dec638ddfd,,Other,Valid,Blood & Urine
71d71694-2ea8-4723-97d7-c749b2e05ae6,7bfc0a1f-6cba-460a-9bc9-fdbc42062d7e,,Body Part,-,-
7245f184-b803-45ca-b129-d7ceb1866208,6707207c-9084-4646-bd67-345700ff58e5,,Other,Valid,Other
734a68ae-4ae3-4547-9db6-5ef6180824d0,3124a0d2-f352-4a04-adba-faf63fadbac4,,Body Part,-,-
7356baa4-210e-44f1-94f9-03b07874e50e,a9452a9d-303a-4f63-9232-3a21f865026d,,Other,Invalid,-
73fac127-fcf5-4446-a4fa-464754349067,a3466961-3e8c-4426-9706-7bd17b8ffec5,,Other,Valid,Other
741d21ec-04c7-4685-83b5-23ddde5b6313,16f97fe3-aa0b-4be8-ad51-81f26e25eb9c,,-,-,-
74552842-0d02-49d0-93e7-a7a4737dd218,49028068-73b5-4190-9cb1-8a16c1db82dc,,Other,Valid,Blood & Urine
753c5c21-6fa3-4f4c-b8da-260423d6cc3f,0a54a5a3-db36-4c54-af7d-73abd1ba7cf0,,Other,Valid,Other
75552aa7-b422-400f-8eb3-e2887fd4452a,be375f55-26df-471e-8cd3-eb52671b7abb,,Other,Valid,Other
7556c221-5478-4536-9229-63aff097c728,47ae8bf3-ebfd-41b5-bfe4-08361b5c7b38,,Other,Valid,Other
762782a6-a587-49b8-af15-9069d58ade62,86409188-a224-49f6-a207-2f69fc8ab409,,Other,Valid,Other
7661c00b-c9c7-4c91-afa7-a4b92fa70498,d73f8eb8-bfa1-4a67-bb7a-4982aefe7a61,,-,-,-
767e5736-d955-490d-a208-3b99444129df,44ec9f71-2f21-4256-b3f3-07ad9747b1c3,,Other,Valid,Other
76805881-d8b1-4273-b807-10ff436d6d2a,13e7f455-d08d-44db-9592-3361c3454661,,Other,Invalid,-
77448192-5c1c-4507-96f9-b684fab664ad,4f1dd2cc-00c3-4cfa-8bd7-cbee52965002,,-,-,-
77dbe5cc-6e35-4a5f-ad88-59d88e88db61,dac5fe86-1cce-4e26-b4f7-240e120e615e,,-,-,-
77eec5cb-2566-4a81-87f9-54a0b088ea36,25c777e0-a5a1-4a61-a0d7-dff5e3f5681c,,Body Part,-,-
78d970f3-23cd-4701-a47f-cfce6697cc81,ab4bc796-43cd-4ab2-a56f-992b9646c02c,,Other,Valid,Other
796f2af5-e797-4214-82b5-19a7db080188,dcc552e0-6627-4f73-86a6-e7fe5216c1f3,,Body Part,-,-
7a5d8cd6-93e8-432c-8f6e-c2972ddf01c1,3efd9a24-eacf-45de-8904-87b97019c87c,,Other,Valid,Other
7a85431e-f57d-447a-8a38-eb9b0ac4da19,40c05052-c7a5-4f5b-a8be-cdabc2eb3ed6,,Other,Valid,Blood & Urine
7ac62f45-761a-4380-a755-89cdbd711236,6bb2f156-91f8-4691-bb04-e9bd62895f45,,Other,Valid,Other
7ba120dd-6e22-49d3-afd9-84f15fc5bc41,5e729191-88d1-4767-80a3-70961321d1bc,,Other,Invalid,-
7bd8b5bc-d684-4948-a331-e2475ee24e38,22c387b4-5a49-4efe-8752-e6f6188fb875,,Other,Valid,Other
7d0aa51c-ef89-444c-88f5-120e07bf496f,819c9f46-f2a0-4a2f-927e-6e54e24999a9,,Food,-,-
7d5d1827-adb1-43e7-a162-8bf8ec802080,b41df6ff-e847-48df-ae0e-10c6afd8102d,,Other,Valid,Other
7d762455-6d48-42e2-a641-736d6e0c7cf0,44ec9f71-2f21-4256-b3f3-07ad9747b1c3,,Other,Valid,Blood & Urine
7d959153-981b-44de-b733-dcf9e933168e,5e729191-88d1-4767-80a3-70961321d1bc,,Other,Invalid,-
7db0c52c-ba5a-4dca-ba19-73d0f9b3dfac,55af349c-f187-457a-8f63-4e037deb1ade,,Other,Valid,Other
7dda8d52-3ce6-483f-8848-200e991fdc91,a37b18b3-2b9a-4251-ab19-abe0b4134fc2,,Other,Valid,Other
7e27f59a-f6d5-4187-b87c-0795a283f32e,22a433bd-5ded-4abb-9dd8-a4140e1a2546,,Other,Valid,Other
7e3fdfc2-4cd4-48c1-83fe-82fc01e34752,3bca288f-b57a-4fc1-a6a2-d7f0f59708f9,,Other,Valid,Blood & Urine
7e6d14e5-2384-4464-8b61-47c0a9a914c7,402db6a4-59a6-4e77-889e-da7cff52ef24,,Food,-,-
7fd704e4-6bf4-4c0c-bfcc-bdf6a8cde1fb,32f50648-a6ab-4d0f-9c8c-06a7ece71d23,,Other,Valid,Other
81222d08-1066-453b-82f0-9acca58a1dbf,8cba754a-845a-4c82-8d72-4be33f0091d9,,Other,Valid,Other
8158e1ba-76bc-4bb7-8fec-aada4b5d8d76,cbbaa13e-2e23-4599-a3f8-0f5711658a91,,Other,Valid,Other
818685c1-e353-49a8-baab-880962769502,33542238-0efb-49ab-8702-1cb3675faaa5,,Other,Invalid,-
818eeed0-2dbf-419c-a3f9-2b489c428601,6bb2f156-91f8-4691-bb04-e9bd62895f45,,Other,-,-
83a2d277-7985-4d91-9311-4f11d446f062,371b8192-fa94-420e-acbb-d4d1ecda6741,,Other,Invalid,-
83fe9dc0-b55b-4e33-9e3a-11b3689c7ef0,9be43fb4-62b1-4ccf-aa3a-f91369ba22ee,,Body Part,-,-
841801f4-0abb-4be3-8007-e5610d44be1b,5a2088db-9867-49ee-bd3b-66a68cd1a3c2,,Other,Valid,Other
8517b16c-9c3f-4b92-bca0-b365b0ca15f2,c5893c39-14a8-4066-b25b-8f09adaacf0f,,Other,Valid,Other
856b9efe-6833-4c91-b06c-7fe5f37476d8,3cd02578-e13d-47b8-8e7e-75c252e6f34f,,Other,Valid,Blood & Urine
85f53247-7d7d-48d0-994c-f1ebd7cb60a0,be375f55-26df-471e-8cd3-eb52671b7abb,,Other,Invalid,-
872143eb-afb0-42c8-b6d0-822920a75db6,ded0c285-96ca-404d-a1a7-1d057a27411e,,Other,Valid,Other
879788d2-5019-49db-992c-acf2122a3594,e2f8f9b6-e802-4cea-ab7c-32c43e53c6e1,,Other,Valid,Other
87b0c864-75e6-4f03-92d8-e9809af64a1c,a3466961-3e8c-4426-9706-7bd17b8ffec5,,Other,Valid,Other
87ec8d23-b4ee-47ce-a261-bd0b8c08fc3b,b6b7b0b4-726f-4b30-b3ee-077dbbbc0743,,Other,Invalid,-
8847ac36-5d66-4f6a-a2c5-ab9e6646e261,b41df6ff-e847-48df-ae0e-10c6afd8102d,,Other,Valid,Blood & Urine
88482363-3cb5-4299-86ac-47f474827a8b,68775067-c650-4516-b087-ba4071167942,,Other,Invalid,-
891363f6-2ade-412f-b524-45e558791959,3a9ad888-a9ee-4056-9de1-5d2a8bd10272,,Other,Valid,Other
89f50cf4-6e24-4369-af67-c061958144a3,b41df6ff-e847-48df-ae0e-10c6afd8102d,,Other,Valid,Other
8a9e5f0a-10b4-4486-a3bf-d5dda06f685e,b41df6ff-e847-48df-ae0e-10c6afd8102d,,Other,Valid,Other
8b7a946d-2433-4b81-92d7-6465396fc421,4547f705-8f01-4a1e-a5af-6a0a08adf59e,,Other,Valid,Other
8c12882e-f295-419c-9193-e9b91f820176,3c1f0514-eccd-409c-9708-a546ea4bef98,,Other,Valid,Other
8c2b7406-277e-4088-8c2c-faf031fe70ff,7f7d7f4b-3ec8-4a45-8ab4-43a45a2d492e,,Other,-,-
8c6989bb-5e93-449d-ab3f-1bcd56392f21,db45bc2e-f922-47ca-94ec-31e070b60a98,,Other,Invalid,-
8d326428-a289-4480-b940-8f18a2bb9e2e,49028068-73b5-4190-9cb1-8a16c1db82dc,,Other,Valid,Other
8dbe85f4-6740-47d5-b064-187f2a03ffca,ea0d64f5-faa3-4e9e-8ade-79ba89f1bc81,,Other,Valid,Other
8de6c34b-cdb9-4c4c-81b7-719eadc6de4d,70a93826-6bfa-4177-bbcd-23d459e5aefa,,Other,Valid,Other
8f1fbf2b-b8c4-444b-a762-092e3b604807,44ec9f71-2f21-4256-b3f3-07ad9747b1c3,,Other,Valid,Blood & Urine
907cf86e-c73f-4f53-8bb1-48765de852ca,bd9ae41e-0265-4cca-b482-01b42fea84fa,,Other,Valid,Other
90e9ebe0-87f4-411e-913e-745970659f32,3c1f0514-eccd-409c-9708-a546ea4bef98,,Other,Valid,Other
90f971a1-c7db-4d0d-93fe-c510289fcdf7,62514106-c63f-4cfb-87e2-8d2656734326,,Other,Valid,Other
91d5bf0b-5930-4820-80c0-b26f06629a3e,28954e3c-2f07-4883-814d-13883e994dfe,,Other,Valid,Other
91d82e24-bce4-4570-b002-229a3f68cec5,16f97fe3-aa0b-4be8-ad51-81f26e25eb9c,,-,-,-
921ca593-8749-4c3b-ba4c-ba277ef12e89,a92f51fb-d300-4e82-9272-9eea0eba8b32,,Other,Valid,Other
93ad2e1a-6270-449a-8f57-dee954065527,d0f12525-1209-4513-82af-ce4d6bc08153,,Other,Valid,Other
95046925-0c73-4684-9a28-8bd46de08d9e,40c05052-c7a5-4f5b-a8be-cdabc2eb3ed6,,Other,Valid,Other
955c8ae8-3815-426a-9466-6e6a74a388f9,25c777e0-a5a1-4a61-a0d7-dff5e3f5681c,,Body Part,-,-
9582106c-874a-4815-919b-483b3e214c3d,dac5fe86-1cce-4e26-b4f7-240e120e615e,,-,-,-
969b12d6-d050-44ee-a3f5-cdf882fac1e8,6ca9c4dd-377b-4c36-b9f9-77f9073b4971,,-,-,-
96b06214-c206-4f2f-9072-621b4390c26e,6e606ec9-399c-494b-aebe-0083d689f927,,Other,Valid,Other
970a3615-ddd9-4461-86de-05b763c97d94,7ecdb056-bb48-4596-b237-e8db647eecec,,Other,Valid,Other
979476ec-b8d8-4bca-a1f0-ae02dd76ef26,4e4f9f21-00b0-4f81-986a-971603a9dd35,,-,-,-
97b6f706-d9db-42c9-b120-b5994dde2013,83ddddd0-2ae9-474f-b95b-e0bcb372fc69,,Other,Valid,Other
98409d98-94ef-4e13-9e68-41e4ecc8f803,3c1f0514-eccd-409c-9708-a546ea4bef98,,Other,Valid,Other
98bfb1b3-4a01-4da2-9c64-0438584231bb,084d3b25-c924-4d57-a76d-bee3b2c9c880,,Other,Invalid,-
99ac026d-3587-459a-ac24-76ab14885410,53afd2a8-d857-4521-b434-63a9760212ab,,Other,Invalid,-
9b3b9a03-6382-4dcd-975b-f9758d24b2db,1e033c0b-637b-4e9d-ace4-9c2702b245f8,,Other,Valid,Other
9b3d91a2-95ff-43ec-a9c2-e9f8ac1e5cec,b41df6ff-e847-48df-ae0e-10c6afd8102d,,Other,Valid,Other
9cda54fb-2526-4ca5-92ae-fe91f82ea2e6,68775067-c650-4516-b087-ba4071167942,,Other,Valid,Other
9d09d387-50d6-4112-9d5c-c7806cfa2efc,641572dd-5f2f-427a-9cf5-73f300814e02,,Other,-,-
9d323474-0959-4369-b093-f111a4b6b3e8,6490c635-ba1e-4bec-a5d5-d57b7ac30e65,,Food,-,-
9e51e787-049d-403f-a119-49d869c89dce,e87490db-a3b4-47e5-96d3-892b91c7d817,,Other,Valid,Other
a018ace8-d4b7-4a2f-a920-8f28090eae79,a37b18b3-2b9a-4251-ab19-abe0b4134fc2,,Other,Valid,Other
a0dd3d7a-f00c-4249-8d81-9b0734b7f3ed,2f9991a7-e2d3-44ec-acda-4eff2db42fbc,,Body Part,-,-
a0f5e063-acb6-4f44-b865-832273995064,bc4fa748-d916-4985-958a-d6d9874edc04,,Other,Valid,Other
a24958ac-cf50-4c3a-8a6e-aa54f698b211,c9bfd702-919b-4532-977d-1d8dc23dc3c8,,Other,Valid,Other
a367c6f3-7c9e-405d-8615-0e758e8cd078,7d592387-6300-4ce8-875d-c02204897780,,Other,Valid,Other
a405f07a-564d-42ae-b2e4-6e0a778f7aaf,40c05052-c7a5-4f5b-a8be-cdabc2eb3ed6,,Other,Valid,Blood & Urine
a4361a53-1c77-44d2-b9fb-56e7f7d045dd,04a34c22-c6c8-411c-9a1e-2e94d6c06077,,-,-,-
a44e5e38-721d-4297-b544-b02458b41d0f,49028068-73b5-4190-9cb1-8a16c1db82dc,,Other,Valid,Blood & Urine
a4ae61c3-5ad5-499e-aeeb-22eb0868c677,26b9794b-31bc-4dca-8fb5-9a667995a2a7,,Other,Valid,Other
a5abc3b4-96a1-46b3-8254-6d3e822f3b8a,ded0c285-96ca-404d-a1a7-1d057a27411e,,Other,Valid,Other
a96ec6d2-83bd-4fdc-bdf5-75bcb33216be,814647ee-4513-459f-9d6d-20b1f8760611,,Body Part,-,-
aa3dd2c1-2a5e-4a44-915d-83cbad52f358,245c9214-8623-44a2-a2b3-d54aa82d6fdc,,Other,Valid,Blood & Urine
ab3f4b53-0238-4f42-ba6b-393048627195,40c05052-c7a5-4f5b-a8be-cdabc2eb3ed6,,Other,Valid,Blood & Urine
ab4251e6-695d-40dc-82f0-a0c1db2b8930,9b2cf794-1b17-4e60-b979-828a5d002a6f,,Other,Valid,Other
abf26535-5563-444b-9bb3-183053c70fe6,16f97fe3-aa0b-4be8-ad51-81f26e25eb9c,,Other,Valid,Other
acbe1d0a-7105-4024-9fde-4f594b386725,a3466961-3e8c-4426-9706-7bd17b8ffec5,,Other,Valid,Other
acd436eb-7b2c-4bc1-9e4e-2fbdb0bd7e0f,40c05052-c7a5-4f5b-a8be-cdabc2eb3ed6,,Other,Valid,Blood & Urine
ad3fe05d-d384-4bf2-94dc-1e9f405e5bb9,dcc552e0-6627-4f73-86a6-e7fe5216c1f3,,Body Part,-,-
ad46b978-01be-4fc0-bfd4-951442dfa394,89fb94f7-88ae-4e49-b2e5-00dd595a994e,,Other,Valid,Other
af49b796-7630-4f0b-811c-d0b1a3054f10,50abb87d-3540-4d91-ac68-9d4ebd8ef2c9,,Other,Invalid,-
b03e1b1d-80ec-473d-ab93-9332a303e282,22f7028c-565a-4fd8-a229-200347c26206,,Other,Valid,Blood & Urine
b0c07b6a-336e-4b04-8319-bd7f36d1537e,6bb2f156-91f8-4691-bb04-e9bd62895f45,,Other,-,-
b1307993-bc22-4e70-bfed-049fc8e961dd,6a41dd41-6348-4208-8bfd-82786dd4eedd,,-,-,-
b20c45f7-a921-411f-8c9e-104cc1561a3c,22a433bd-5ded-4abb-9dd8-a4140e1a2546,,Other,Valid,Other
b285e781-6be2-4a45-86a2-e31100a6043b,04a34c22-c6c8-411c-9a1e-2e94d6c06077,,Body Part,-,-
b2f588a2-2662-40e2-b818-6b756870be86,a3466961-3e8c-4426-9706-7bd17b8ffec5,,Other,Valid,Other
b30dda76-eb24-4413-ac67-1d41b795594c,1eb65cae-596c-461b-bbbe-ab0ee015e23d,,Other,Valid,Blood & Urine
b39d186a-cde4-414c-a39c-4db61998ac22,07f1be98-7d9b-4f78-98e7-6c27a49e43c8,,Body Part,-,-
b4884eb7-49ef-400a-a919-c7041c642ec7,34f16c39-0dd8-4209-8c35-cbb3094c878b,,Other,Valid,Other
b5d4038d-89a7-4c9e-bdbf-468fe6d46d80,1eb65cae-596c-461b-bbbe-ab0ee015e23d,,Other,Valid,Blood & Urine
b7917e55-0a3a-4e35-8484-9963e47a05fc,7afebede-ea13-405d-8777-77376fcde8bc,,Other,Valid,Other
b8026bf0-55e8-4762-84c0-c066de1051c7,02f39d4f-ba52-4ee2-9a4a-402d4e307b81,,Food,-,-
b9199a22-bd0a-46b8-9bca-3977e0d12c2c,49028068-73b5-4190-9cb1-8a16c1db82dc,,Other,Valid,Blood & Urine
ba703e42-44ed-4222-a9e1-63ad4d15f539,d8eee26a-b3be-4662-8e7a-f9bf347ad443,,Food,-,-
bae3142e-cc23-4663-ac44-ec417e1dbeae,3ae3d15c-ea99-459f-9a3e-d5ff3c19acd1,,-,-,-
bb2cee7e-f44a-4d30-b8f7-4aca6ddabef0,a8ac0a8f-96ff-420d-9ffa-d64ff62a2ca0,,Other,Valid,Other
bb445024-2ff3-4cd0-bc80-c99ed1a908ed,604bfa13-7cbf-4e6d-90df-0d0d379df393,,Other,Valid,Other
bc1698c5-f014-4c92-a117-bfd4fc91e7d0,084d3b25-c924-4d57-a76d-bee3b2c9c880,,Other,Invalid,-
bcf74526-7fba-4eae-a5a5-3ada1b9415e1,27354cb6-db9f-43a9-991c-7eaeff3b6e70,,Other,Valid,Blood & Urine
bd1ddfef-03b0-424d-8603-683ce1aa6eb9,68775067-c650-4516-b087-ba4071167942,,Other,Valid,Other
bdc8c4df-9de1-47de-be23-0472d8416a65,4358edba-39bb-449b-888c-e3806923e042,,Other,Invalid,-
bf1e895f-9532-4c45-9f37-0a612da4ede1,a133ca2a-effa-4f0f-8b3f-e831894b8cb0,,Other,Valid,Other
bf8d1547-76a9-44b1-b196-d78858360693,89fb94f7-88ae-4e49-b2e5-00dd595a994e,,Other,Valid,Other
c021eff6-7672-4cec-957c-83fc31531ff9,47ae8bf3-ebfd-41b5-bfe4-08361b5c7b38,,-,Invalid,-
c0924a05-6809-4e37-85c6-681786c1f6c3,e3f781db-f8a4-4f37-8340-9a3a6b52a63a,,Other,Valid,Other
c0d7854c-1fea-4e0c-991b-c389ebdcfdaa,ca06f6d4-de1e-424a-8cf1-4f2a67f143ec,,Other,Valid,Other
c0f18854-ba1b-4cfe-8b46-aa6437df3d3b,1eb65cae-596c-461b-bbbe-ab0ee015e23d,,Other,Valid,Blood & Urine
c0fe92eb-0c42-417b-9696-4523938dbd43,414224a3-3d2c-4f3a-9298-5ec8ca2c615c,,Other,Valid,Blood & Urine
c113bebc-8f50-42dc-bde0-7a5dd09be03b,6ca9c4dd-377b-4c36-b9f9-77f9073b4971,,Other,Valid,Other
c14b7b89-e729-4690-95ff-f0d12c41d514,00d95581-9682-489d-825e-ca3e81001da0,,Other,Valid,Other
c30f9105-8452-4656-b57e-d8a889f5bf1f,69d0a5b8-ed7a-46bc-b183-fcb0ba46ec43,,Other,Valid,Other
c326b370-3568-48fd-8a5d-f2a39e47e1c0,3c1f0514-eccd-409c-9708-a546ea4bef98,,Other,Valid,Other
c35a3d0d-6be4-4283-9b5b-7f28891cc3c2,1eb65cae-596c-461b-bbbe-ab0ee015e23d,,Other,Valid,Blood & Urine
c3657472-bbab-4989-b606-4d9f6a5de648,87036e12-0899-402a-b585-c7e5999bc821,,Other,Valid,Other
c41461a2-dc48-44bb-bcda-a694d0a42d63,0f00d680-2506-4e90-9833-eba084762dfd,,Other,Invalid,-
c5dc9240-e18f-4d6a-b53c-575e8e6c772b,2da18c24-0daf-4099-8d59-904e5d11d602,,-,-,-
c67891f3-cecf-4919-9623-f9091333111c,34418f34-0b2c-46b0-a3e7-560b176169af,,Other,Valid,Blood & Urine
c717d7f2-433e-414b-942f-a9b96422d785,25c777e0-a5a1-4a61-a0d7-dff5e3f5681c,,Body Part,-,-
c77dae4f-9d84-4567-9826-3a3da89a175a,95cf06f6-79e6-4141-9279-0743e872959f,,Other,Invalid,-
c802986f-37ad-4ca5-8d14-fb059bff3058,3c1f0514-eccd-409c-9708-a546ea4bef98,,Other,Invalid,-
c85b1176-da4b-406d-af89-0af33a68f7c1,610c3849-aca9-459c-bc4f-c006979c5363,,Other,Valid,Blood & Urine
c8c4381c-15c3-435e-bc05-c6044308af04,40c05052-c7a5-4f5b-a8be-cdabc2eb3ed6,,Other,Valid,Blood & Urine
c8ecc025-38e5-4919-9686-48502a0eda6b,aaeabc06-ffe6-42c9-8b17-800b1101dbb7,,Other,Valid,Other
c92c0e01-0db3-437f-b518-c70d5253537e,39ce1bbb-6eac-4f47-bc42-9a8218f5f4ed,,Body Part,-,-
c9934c87-6c50-4800-85c2-0ee6ef20f7dc,b41df6ff-e847-48df-ae0e-10c6afd8102d,,Other,Valid,Other
c9d5f05a-75fa-4d61-a1f3-4f2b054f28ca,b08e57d8-6a18-48ad-8826-01a5e35b81f7,,Other,Invalid,-
cb6c4082-114e-48b6-b701-3456f374c3d5,40c05052-c7a5-4f5b-a8be-cdabc2eb3ed6,,Other,Valid,Blood & Urine
cbf08c27-6128-481e-b895-ea11ee89d75a,650b97c0-a440-4ea7-8b51-f0f4ccbe3089,,Other,Valid,Other
cc50eb0b-74c7-4ce7-82dd-04ba542d4d33,ef79f835-1f66-4bb1-ac07-56ecb420936e,,Body Part,-,-
cc92a9a7-1f5d-42eb-bab2-a2d5cdbec1d7,ac3b4a2e-985e-4d98-a701-ab43c980f2e2,,Body Part,-,-
ceac6023-005f-4ba1-a167-ad8601c79213,c185ace3-8317-4e51-a31d-96523fb7f58f,,Other,-,-
cf793a83-7f06-47fd-a8fb-fe969848fd6b,bf8ba49a-bd62-4828-8c69-ee26bd03c78e,,Other,Invalid,-
d1ef02d6-0db1-4d99-b4d1-c71594b4e37d,86399089-bdd5-4a89-b996-c4c957d1de32,,Body Part,-,-
d1f2bda7-61ef-40cf-8f6b-546961e8eaea,49028068-73b5-4190-9cb1-8a16c1db82dc,,Other,Valid,Blood & Urine
d22a8900-fe78-4eb2-9c77-c725c7a28d4d,00d95581-9682-489d-825e-ca3e81001da0,,Other,Valid,Other
d26a7857-a3d7-47c8-82ee-51d6bdce4126,3d6d2763-da3a-4647-98a4-0bb74be3f434,,Body Part,-,-
d27dc97f-5bc8-417f-8b09-6a3b4891cb84,641572dd-5f2f-427a-9cf5-73f300814e02,,-,-,-
d27e4c65-e57d-4fbd-818c-333bd19a116f,9ff412da-9964-4ba4-a956-0b8d3e7e1c07,,Other,Invalid,-
d340d39a-f735-415f-aa61-4cad28d5125f,28fcf01d-bd59-40ca-b504-b151cf31d185,,Body Part,-,-
d3a1ae84-185f-4b99-a8e2-e23848c636cf,414224a3-3d2c-4f3a-9298-5ec8ca2c615c,,Other,Valid,Blood & Urine
d3a55852-2817-4eb9-a082-f1c269d28c07,b41df6ff-e847-48df-ae0e-10c6afd8102d,,Other,Valid,Other
d3ca1b81-6b61-4273-9026-0f9f08e2e9e0,6a3e210e-e9b1-4ec1-b672-615066347a3d,,Other,Valid,Other
d5034a1a-eb7c-4efa-bca2-8424f155d4a0,32f50648-a6ab-4d0f-9c8c-06a7ece71d23,,Other,Invalid,-
d50f5942-4b81-45ec-978c-8531221901c1,22c387b4-5a49-4efe-8752-e6f6188fb875,,Other,Valid,Other
d63f0520-c09a-4189-beb0-77a376083bbb,44ec9f71-2f21-4256-b3f3-07ad9747b1c3,,Other,Valid,Blood & Urine
d6eea025-b282-4f9b-b9a4-2523b9e00d02,bf8ba49a-bd62-4828-8c69-ee26bd03c78e,,Other,Valid,Other
d7d2b0d3-5588-4298-8f3d-089319359ccf,c5dbdac9-975a-4b14-9e8e-3ec2092b6467,,Other,Valid,Other
d7fc7144-ac7d-467f-8be1-338eea8f6cc4,87036e12-0899-402a-b585-c7e5999bc821,,Other,Valid,Other
d9403ffd-13da-44d8-9cf6-3e8d19ecc71e,bf8ba49a-bd62-4828-8c69-ee26bd03c78e,,Other,Valid,Other
d94c1c70-76c6-4d5d-8b8c-7e1816b70f40,b41df6ff-e847-48df-ae0e-10c6afd8102d,,Other,Valid,Other
d9bf5a08-a61d-4f44-9d46-30a0190f9855,d915c88d-ebea-4b9e-b66f-1500deb444d1,,Other,Invalid,-
da73973a-54cc-4b5c-87ed-9ba27dd95026,6e606ec9-399c-494b-aebe-0083d689f927,,Other,Valid,Other
dad74785-2c93-4519-b70b-45778a59b79b,40c05052-c7a5-4f5b-a8be-cdabc2eb3ed6,,Other,Valid,Other
db3aaf7f-600b-48a9-ab9c-2a9f2b1f3014,385e3776-958b-4f4b-bdd4-2c0e970c509c,,Body Part,-,-
dba79b3b-2e9f-4968-99f0-49cb46f373e3,7f7d7f4b-3ec8-4a45-8ab4-43a45a2d492e,,Other,Invalid,-
dcbf61c3-d527-48d7-9279-ad19bc1501c7,087714b6-d0f4-4b4e-a1ed-26be1f515600,,Other,Valid,Other
deadb510-96f0-4519-bf74-831d5627d7c7,51f7e589-4079-40ea-b403-9825e4a70b41,,Body Part,-,-
df342ea5-39c1-46f4-9775-23450bce7073,edfe030e-0d65-4be3-b673-cec1da287bf3,,Other,Invalid,-
dfdbaf86-212b-43b4-bd91-3c60fceaeaf8,44ec9f71-2f21-4256-b3f3-07ad9747b1c3,,Other,Valid,Blood & Urine
e063fcb1-cc39-49a0-9cc8-e3dfc7baca38,1be399a3-c1a5-4de6-ad70-e3468f4719ff,,Other,Valid,Other
e1139530-0535-49b4-835c-0705f464927a,8f9d9f33-e916-4142-8854-48aeb13a2293,,Body Part,-,-
e24c15d4-2755-4cf3-8b07-17b79b7b14ec,96c5e8f2-fa09-4103-8330-132dbd0332d1,,Other,Valid,Other
e2af1e6f-b2d7-4286-8bc3-5e41207f9d9f,269c95e0-cce7-4cfb-a4f1-f2be9b8fb756,,Other,Invalid,-
e2c39555-56a5-45b4-a088-2b40a4a0ddb9,11f0b6c6-5fb0-4353-bb18-a7667b318cbd,,-,-,-
e3d432a0-6114-4031-b587-62f9b11e5fab,a3466961-3e8c-4426-9706-7bd17b8ffec5,,Other,Valid,Other
e404d77c-2c0f-4ae9-9511-ef046b5c3fbe,49028068-73b5-4190-9cb1-8a16c1db82dc,,Other,Valid,Blood & Urine
e49d3971-fb39-4152-95d1-415f8752ba6d,69d0a5b8-ed7a-46bc-b183-fcb0ba46ec43,,Other,Valid,Other
e4b8fd19-8314-4460-820d-fd05e4cdabcb,512523da-ccea-4afe-832c-d52dac83706f,,Other,Invalid,-
e53622d1-518f-40b1-a08c-0112dfeb5b78,6a41dd41-6348-4208-8bfd-82786dd4eedd,,-,-,-
e58d6ca3-450a-466e-b88f-0bbd2f7e4eac,e3f781db-f8a4-4f37-8340-9a3a6b52a63a,,Other,Valid,Other
e5a02554-bdba-4406-846d-f76115249c33,e7f610ae-a2b9-49d8-93f1-875575ac9747,,Other,Valid,Other
e60a516b-ecfb-4c90-9de6-aa27495611b9,3ad1f166-bc02-4e3b-a1b5-cb2b2f0903dd,,Other,Valid,Other
e6976506-20f5-462a-914b-0ad340585182,73a20044-1043-4b2f-b476-b67b2701b9b5,,Other,Valid,Other
e6aec180-b676-4564-959c-9219e4357f45,87036e12-0899-402a-b585-c7e5999bc821,,Other,Valid,Other
e770cdbd-3fc0-4887-8562-58dd007899c8,49f5e6f1-c4b6-4da8-b79e-e8977afd6a6d,,Body Part,-,-
e7a34dff-70dc-435c-9fc3-1f6f7b0f0d78,e3f781db-f8a4-4f37-8340-9a3a6b52a63a,,Other,Valid,Other
e7a7ac1f-ad9c-4745-a994-06b9305b37f2,4d00137a-d9c0-4688-9768-276482896931,,Other,Valid,Other
e8c08bbd-92bf-4188-a1ca-6a5e15a0a08f,545daeac-f380-41c2-8d5f-91ef7ce625d7,,-,-,-
e9137fca-6afc-4b9a-81cb-dfbef1cf61e1,238339b2-5c1a-4f57-a6ca-7f4de551646d,,Other,-,-
ea08205f-0c2e-454b-b609-287fc86478fe,5a2088db-9867-49ee-bd3b-66a68cd1a3c2,,Other,Valid,Other
ea0b48bc-2322-4138-9d35-a6df7a393c5d,6a3e210e-e9b1-4ec1-b672-615066347a3d,,Other,Valid,Other
ea39c648-cbe4-4ae0-8d58-4d7886422cdc,371b8192-fa94-420e-acbb-d4d1ecda6741,,Body Part,-,-
eb24f124-6f26-42f6-b09b-c4bf5eb7baea,c899e25e-7117-4826-94a8-d82a5c08baa8,,-,-,-
ec5313ef-9181-4fa7-b9ae-59e552aa3de3,83ddddd0-2ae9-474f-b95b-e0bcb372fc69,,Other,Invalid,-
ecda0bde-cd55-4adc-aaaf-c2f22cae274a,4d9b7aa1-451e-48cc-873e-4e5a54aad8fe,,Other,Valid,Blood & Urine
edbf310f-1c18-4e35-a1c0-92bc50201a2b,8be08399-668c-43a9-acf8-7534364065d8,,Other,Valid,Blood & Urine
ee079097-adeb-4f42-9a52-4c2e4f4f2774,c185ace3-8317-4e51-a31d-96523fb7f58f,,Other,-,-
ee36cbb0-3f79-456b-b6d6-22d20d4cb2de,a403699c-fbc0-4a0d-b143-b766a25a1423,,Other,Valid,Blood & Urine
ee8616f5-6fd0-4ab3-b784-4d4a61db6aef,03e1dd63-a45f-4dad-b910-0980727636f9,,Other,Valid,Other
ee877921-d828-4791-91be-5970ea706066,a78d1ac6-817d-46bc-9c64-4b88655eaf06,,Other,Valid,Other
ef6cbd81-513c-4444-a184-aa1e97bfb3ce,dac5fe86-1cce-4e26-b4f7-240e120e615e,,Body Part,-,-
ef74d64f-719b-4d65-b9ef-7a73589d507b,3d43660d-1f8e-465f-b83e-c3270cf8f97c,,Other,Valid,Blood & Urine
f00d2aa5-3c4c-43c3-9716-5e2682ca607f,3c3f4a3f-6504-43d6-951f-bf396c181575,,Body Part,-,-
f047f9ea-3eb1-4bbd-a2b7-30add0f11aea,7e63f614-ee25-43c9-9a07-34365dc367b3,,Other,Valid,Other
f07e5e11-7512-4d85-bd2e-19fd979e9281,f66c2706-18b3-40b4-b957-b8424e5fedf9,,Other,Valid,Other
f17d21b6-9a9f-475f-8dd3-cba9fa0a225a,6707207c-9084-4646-bd67-345700ff58e5,,Other,Valid,Other
f1a324be-6ae3-4801-b5e7-35ff3b8bda1b,ea82f931-2422-462c-b0a8-be76af2d5dda,,Other,Valid,Other
f1b60e05-8c72-4b30-b5b0-75a6c311eb4a,edc0af15-1621-436c-b7ed-8143027157e9,,Other,Valid,Other
f1c8cc52-0ac0-4bd8-80ee-4b55a261f4e8,8000cd0d-f385-4085-b1d5-5492771205ae,,Other,Valid,Other
f26a8eaa-d60f-4325-b6ba-743cbb89ccfc,a12bb0d1-b424-4eb6-bb4b-121ebe9d4ee5,,Body Part,-,-
f35e5f79-f99d-4e1a-b173-6b9ae969461d,2b2c620d-e104-4aa4-a417-5f4ad207bcb6,,Food,-,-
f3bc0c63-af4c-49b1-8c5f-8405f44e329d,d1504200-4447-443d-ac8a-f47b88286dde,,Other,Valid,Other
f49d0608-4495-45eb-a795-43be092cde65,f74ee837-07a5-46e8-a73b-61920640ae24,,-,-,-
f685713e-e70e-44b4-880e-c4dc9b01dfb2,468334ab-6244-40db-ae39-74e93350020f,,Other,Invalid,-
f7af7453-ecec-4d0f-ab88-f567791c9a79,16f97fe3-aa0b-4be8-ad51-81f26e25eb9c,,Body Part,-,-
f97c1b04-74c1-4c5f-88d2-cf2ca05c3a8d,4f1dd2cc-00c3-4cfa-8bd7-cbee52965002,,Other,-,-
fcaeb907-5ea1-4806-ad2b-72a334d9e984,93b34448-d18d-44a7-8e82-997b91fc78b5,,Body Part,-,-
fd2a3587-5bc4-4c9e-8047-027ae953bbd8,d8e94b57-f2b4-433f-ac61-8ad868572a0e,,Other,Valid,Other
fdaecb69-aaee-493b-af04-0fc7955020df,e7f610ae-a2b9-49d8-93f1-875575ac9747,,Other,Invalid,-
fe15bea4-f268-42c6-8032-2923b00d934d,aaeabc06-ffe6-42c9-8b17-800b1101dbb7,,Other,Invalid,-
fe29ff43-6feb-4631-b1d0-a27ca13164ca,8930127b-6b00-4f75-9bb9-89b2a68427cb,,Other,Valid,Other
fec29616-de3c-4235-91dd-815f43c8c255,4e6b81cf-4316-4c2c-9647-16be2ee4cbd1,,Body Part,-,-
ff428e30-47e8-4655-b4b4-518c7db67ef1,3efd9a24-eacf-45de-8904-87b97019c87c,,Other,Valid,Other
ff52bc13-460e-4e3d-b16e-0bbe1aa2a41c,0485cfb3-3f7d-4257-8857-6923664c1be3,,Body Part,-,-
ffd785ea-e6a6-4384-8ee1-d3c567432390,b41df6ff-e847-48df-ae0e-10c6afd8102d,,Other,Valid,Other
